product_detail,hyperlink 
Intel Core i9-9900K Coffee Lake 8-Core   16-Thread   3.6 GHz (5.0 GHz Turbo) LGA 1151 (300 Series) 95W BX80684I99900K Desktop Processor Intel UHD Graphics 630,https://www.newegg.com/core-i9-9th-gen-intel-core-i9-9900k/p/N82E16819117957
Intel Core i7-9700K Coffee Lake 8-Core 3.6 GHz (4.9 GHz Turbo) LGA 1151 (300 Series) 95W BX80684I79700K Desktop Processor Intel UHD Graphics 630,https://www.newegg.com/core-i7-9th-gen-intel-core-i7-9700k/p/N82E16819117958
Intel Core i7-9700KF Coffee Lake 8-Core 3.6 GHz (4.9 GHz Turbo) LGA 1151 (300 Series) 95W BX80684I79700KF Desktop Processor Without Graphics,https://www.newegg.com/core-i7-9th-gen-intel-core-i7-9700kf/p/N82E16819117994
Intel Core i5-9600KF Coffee Lake 6-Core 3.7 GHz (4.6 GHz Turbo) LGA 1151 (300 Series) 95W BX80684I59600KF Desktop Processor Without Graphics,https://www.newegg.com/core-i5-9th-gen-intel-core-i5-9600kf/p/N82E16819117996
Intel Core i3-8100 Coffee Lake Quad-Core 3.6 GHz LGA 1151 (300 Series) 65W BX80684I38100 Desktop Processor Intel UHD Graphics 630,https://www.newegg.com/core-i3-8th-gen-intel-core-i3-8100/p/N82E16819117822
Intel Core i3-9100F Coffee Lake 4-Core 3.6 GHz (4.2 GHz Turbo) LGA 1151 (300 Series) 65W BX80684i39100F Desktop Processor Without Graphics,https://www.newegg.com/intel-core-i3-9th-gen-core-i3-9100f/p/N82E16819118072
Intel Core i3-9100 Coffee Lake 4-Core 3.6 GHz(4.2 GHz Turbo) LGA 1151 (300 Series) 65W BX80684I39100 Desktop Processor Intel UHD Graphics 630,https://www.newegg.com/intel-core-i3-9th-gen-core-i3-9100/p/N82E16819118022
Intel Core i5-9400F Coffee Lake 6-Core 2.9 GHz (4.1 GHz Turbo) LGA 1151 (300 Series) 65W BX80684I59400F Desktop Processor Without Graphics,https://www.newegg.com/intel-core-i5-9th-gen-core-i5-9400f/p/N82E16819117981
Intel Core i9-9820X Skylake X 10-Core 3.3 GHz (4.1 GHz Turbo) LGA 2066 165W BX80673I99820X Desktop Processor - Retail,https://www.newegg.com/core-i9-x-series-intel-core-i9-9820x/p/N82E16819117332
Intel Core i7-9700 Coffee Lake 8-Core 3.0 GHz (4.7 GHz Turbo) LGA 1151 (300 Series) 65W BX80684I79700 Desktop Processor Intel UHD Graphics 630,https://www.newegg.com/intel-core-i7-9th-gen-core-i7-9700/p/N82E16819118024
Intel Core i9-9980XE Skylake X 18-Core 3.0 GHz (4.4 GHz Turbo) LGA 2066 165W BX80673I99980X Desktop Processor,https://www.newegg.com/core-i9-x-series-extreme-edition-intel-core-i9-9980xe/p/N82E16819117966
Intel Core i9-9900KF Coffee Lake 8-Core   16-Thread   3.6 GHz (5.0 GHz Turbo) LGA 1151 (300 Series) 95W BX80684I99900KF Desktop Processor Without Graphics,https://www.newegg.com/core-i9-9th-gen-intel-core-i9-9900kf/p/N82E16819117992
Intel Core i7-6700K 8M Skylake Quad-Core 4.0 GHz LGA 1151 91W BX80662I76700K Desktop Processor Intel HD Graphics 530,https://www.newegg.com/intel-core-i7-6th-gen-core-i7-6700k/p/N82E16819117559
Intel Core i7-4790K Devil's Canyon Quad-Core 4.0 GHz LGA 1150 88W BX80646I74790K Desktop Processor Intel HD Graphics 4600,https://www.newegg.com/intel-core-i7-4th-gen-core-i7-4790k/p/N82E16819117369
Intel Core i5-9600K Coffee Lake 6-Core 3.7 GHz (4.6 GHz Turbo) LGA 1151 (300 Series) 95W BX80684I59600K Desktop Processor Intel UHD Graphics 630,https://www.newegg.com/core-i5-9th-gen-intel-core-i5-9600k/p/N82E16819117959
Intel Core i7-9700F Coffee Lake 8-Core 3.0 GHz (4.7 GHz Turbo) LGA 1151 (300 Series) 65W BX80684i79700F Desktop Processor Without Graphics,https://www.newegg.com/intel-core-i7-9th-gen-core-i7-9700f/p/N82E16819118058
Intel Core i5-9400 Coffee Lake 6-Core 2.9 GHz (4.1 GHz Turbo) LGA 1151 (300 Series) 65W BX80684I59400 Desktop Processor Intel UHD Graphics 630,https://www.newegg.com/intel-core-i5-9th-gen-core-i5-9400/p/N82E16819117980
Intel Core i7-7700K Kaby Lake Quad-Core 4.2 GHz LGA 1151 91W BX80677I77700K Desktop Processor,https://www.newegg.com/core-i7-7th-gen-intel-core-i7-7700k/p/N82E16819117726
Intel Core i7-7700 Kaby Lake Quad-Core 3.6 GHz LGA 1151 65W BX80677I77700 Desktop Processor,https://www.newegg.com/core-i7-7th-gen-intel-core-i7-7700/p/N82E16819117727
Intel Core i9-9960X Skylake X 16-Core 3.1 GHz (4.4 GHz Turbo) LGA 2066 165W BX80673I99960X Desktop Processor,https://www.newegg.com/core-i9-x-series-intel-core-i9-9960x/p/N82E16819117965
Intel Pentium Gold G5400 Coffee Lake Dual-Core 3.7 GHz LGA 1151 (300 Series) 58W BX80684G5400 Desktop Processor Intel UHD Graphics 610,https://www.newegg.com/intel-pentium-gold-g5400/p/N82E16819117875
Intel Core i5-7600K Kaby Lake Quad-Core 3.8 GHz LGA 1151 91W BX80677I57600K Desktop Processor,https://www.newegg.com/intel-core-i5-7th-gen-core-i5-7600k/p/N82E16819117728
Intel Core i5-7400 Kaby Lake Quad-Core 3.0 GHz LGA 1151 65W BX80677I57400 Desktop Processor,https://www.newegg.com/core-i5-7th-gen-intel-core-i5-7400/p/N82E16819117731
Intel Core I3-9350KF Coffee Lake 4-Core 4.0 GHz (4.6 GHz Turbo) LGA 1151 (300 Series) 91W BX80684I39350KF Desktop Processor Without Graphics,https://www.newegg.com/core-i3-9th-gen-intel-core-i3-9350kf/p/N82E16819117998
Intel Core i7-8700 Coffee Lake 6-Core 3.2 GHz (4.6 GHz Turbo) LGA 1151 (300 Series) 65W BX80684I78700 Desktop Processor Intel UHD Graphics 630,https://www.newegg.com/core-i7-8th-gen-intel-core-i7-8700/p/N82E16819117826
Intel Core i9-9940X Skylake X 14-Core 3.3 GHz (4.4 GHz Turbo) LGA 2066 165W BX80673I99940X Desktop Processor,https://www.newegg.com/core-i9-x-series-intel-core-i9-9940x/p/N82E16819117964
Intel Core i5-6600K 6M Skylake Quad-Core 3.5 GHz LGA 1151 91W BX80662I56600K Desktop Processor Intel HD Graphics 530,https://www.newegg.com/intel-core-i5-6th-gen-core-i5-6600k/p/N82E16819117561
Intel Core i5-8400 Coffee Lake 6-Core 2.8 GHz (4.0 GHz Turbo) LGA 1151 (300 Series) 65W BX80684I58400 Desktop Processor Intel UHD Graphics 630,https://www.newegg.com/core-i5-8th-gen-intel-core-i5-8400/p/N82E16819117824
Intel Core i9-9900X Skylake X 10-Core 3.5 GHz (4.4 GHz Turbo) LGA 2066 165W BX80673I99900X Desktop Processor,https://www.newegg.com/core-i9-x-series-intel-core-i9-9900x/p/N82E16819117962
Intel Core i5-8600 Coffee Lake 6-Core 3.1 GHz (4.3 GHz Turbo) LGA 1151 (300 Series) 65W BX80684I58600 Desktop Processor Intel UHD Graphics 630,https://www.newegg.com/core-i5-8th-gen-intel-core-i5-8600/p/N82E16819117885
Intel Core i5-9500 Coffee Lake 6-Core 3.0 GHz (4.4 GHz Turbo) LGA 1151 (300 Series) 65W BX80684i59500 Desktop Processor Intel UHD Graphics 630,https://www.newegg.com/intel-core-i5-9th-gen-core-i5-9500/p/N82E16819118062
Intel Core i5-8500 Coffee Lake 6-Core 3.0 GHz (4.1 GHz Turbo) LGA 1151 (300 Series) 65W BX80684I58500 Desktop Processor Intel UHD Graphics 630,https://www.newegg.com/core-i5-8th-gen-intel-core-i5-8500/p/N82E16819117883
Intel Pentium G4560 Kaby Lake Dual-Core 3.5 GHz LGA 1151 54W BX80677G4560 Desktop Processor Intel HD Graphics 610,https://www.newegg.com/intel-pentium-g4560/p/N82E16819117743
Intel Pentium G4400 Skylake Dual-Core 3.3 GHz LGA 1151 54W BX80662G4400 Desktop Processor Intel HD Graphics 510,https://www.newegg.com/intel-pentium-g4400/p/N82E16819117625
Intel Core i9-9900 Coffee Lake 8-Core   16-Thread   3.1 GHz (5.0 GHz Turbo) LGA 1151 (300 Series) 65W BX80684I99900 Desktop Processor Intel UHD Graphics 630,https://www.newegg.com/intel-core-i9-9th-gen-core-i9-9900/p/N82E16819118023
Intel Pentium Gold G5500 Coffee Lake Dual-Core 3.8 GHz LGA 1151 (300 Series) 54W BX80684G5500 Desktop Processor Intel UHD Graphics 630,https://www.newegg.com/intel-pentium-gold-g5500/p/N82E16819117877
Intel Core i3-7350K Kaby Lake Dual-Core 4.2 GHz LGA 1151 60W BX80677I37350K Desktop Processor Intel HD Graphics 630,https://www.newegg.com/core-i3-7th-gen-intel-core-i3-7350k/p/N82E16819117772
Intel Core i3-8300 Coffee Lake Quad-Core 3.7 GHz LGA 1151 (300 Series) 65W BX80684I38300 Desktop Processor Intel UHD Graphics 630,https://www.newegg.com/core-i3-8th-gen-intel-core-i3-8300/p/N82E16819117881
Intel Pentium G4620 Kaby Lake Dual-Core 3.7 GHz LGA 1151 51W BX80677G4620 Desktop Processor Intel HD Graphics 630,https://www.newegg.com/intel-pentium-g4620/p/N82E16819117736
Intel Pentium G4600 Kaby Lake Dual-Core 3.6 GHz LGA 1151 51W BX80677G4600 Desktop Processor Intel HD Graphics 630,https://www.newegg.com/intel-pentium-g4600/p/N82E16819117739
Intel Pentium G4500 Skylake Dual-Core 3.5 GHz LGA 1151 47W BX80662G4500 Desktop Processor Intel HD Graphics 530,https://www.newegg.com/intel-pentium-g4500/p/N82E16819117624
Intel Core i5-7500 Kaby Lake Quad-Core 3.4 GHz LGA 1151 65W BX80677I57500 Desktop Processor,https://www.newegg.com/core-i5-7th-gen-intel-core-i5-7500/p/N82E16819117730
Intel Core i5-7600 Kaby Lake Quad-Core 3.5 GHz LGA 1151 65W BX80677I57600 Desktop Processor,https://www.newegg.com/core-i5-7th-gen-intel-core-i5-7600/p/N82E16819117729
Intel Pentium G4520 Skylake Dual-Core 3.6 GHz LGA 1151 51W BX80662G4520 Desktop Processor Intel HD Graphics 530,https://www.newegg.com/intel-pentium-g4520/p/N82E16819117623
Intel Core i5-6600K 6M Skylake Quad-Core 3.5 GHz LGA 1151 91W BX80662I56600K Desktop Processor Intel HD Graphics 530,https://www.newegg.com/intel-core-i5-6th-gen-core-i5-6600k/p/N82E16819117561
Intel Core i7-8700K Coffee Lake 6-Core 3.7 GHz (4.7 GHz Turbo) LGA 1151 (300 Series) 95W BX80684I78700K Desktop Processor Intel UHD Graphics 630,https://www.newegg.com/core-i7-8th-gen-intel-core-i7-8700k/p/N82E16819117827
Intel Core i5-8600K Coffee Lake 6-Core 3.6 GHz (4.3 GHz Turbo) LGA 1151 (300 Series) 95W BX80684I58600K Desktop Processor Intel UHD Graphics 630,https://www.newegg.com/intel-core-i5-8th-gen-core-i5-8600k/p/N82E16819117825
Intel Core i7-8086K Coffee Lake 6-Core 4.0 GHz (5.0 GHz Turbo) LGA 1151 (300 Series) 95W BX80684I78086K Desktop Processor Intel UHD Graphics 630,https://www.newegg.com/core-i7-8th-gen-intel-core-i7-8086k/p/N82E16819117932
Intel Core i7-3770K Ivy Bridge Quad-Core 3.5GHz (3.9GHz Turbo) LGA 1155 77W BX80637I73770K Desktop Processor Intel HD Graphics 4000,https://www.newegg.com/intel-core-i7-3rd-gen-core-i7-3770k/p/N82E16819116501
Intel Core i7-4790 Haswell Quad-Core 3.6 GHz LGA 1150 84W BX80646I74790 Desktop Processor Intel HD Graphics 4600,https://www.newegg.com/intel-core-i7-4th-gen-core-i7-4790/p/N82E16819116987
Intel Core i5-3570 Ivy Bridge Quad-Core 3.4GHz (3.8GHz Turbo Boost) LGA 1155 77W BX80637i53570 Desktop Processor Intel HD Graphics 2500,https://www.newegg.com/intel-core-i5-3rd-gen-core-i5-3570/p/N82E16819115233
Intel Core i5-6400 Skylake Quad-Core 2.7 GHz LGA 1151 65W BX80662I56400 Desktop Processor Intel HD Graphics 530,https://www.newegg.com/intel-core-i5-6th-gen-core-i5-6400/p/N82E16819117564
Intel Core i5-4460 Haswell Quad-Core 3.2 GHz LGA 1150 BX80646I54460 Desktop Processor Intel HD Graphics 4600,https://www.newegg.com/intel-core-i5-4th-gen-core-i5-4460/p/N82E16819117302
Intel Core i7-4770 Haswell Quad-Core 3.4 GHz LGA 1150 84W BX80646I74770 Desktop Processor Intel HD Graphics,https://www.newegg.com/intel-core-i7-4th-gen-core-i7-4770/p/N82E16819116900
Intel Core i5-6500 Skylake Quad-Core 3.2 GHz LGA 1151 65W BX80662I56500 Desktop Processor Intel HD Graphics 530,https://www.newegg.com/intel-core-i5-6th-gen-core-i5-6500/p/N82E16819117563
Intel OEM Core i5-8600K Coffee Lake 6-Core 3.6 GHz (4.3 GHz Turbo) LGA 1151 (300 Series) 95W CM8068403358508 Desktop Processor Intel UHD Graphics 630,https://www.newegg.com/intel-core-i5-8th-gen-core-i5-8600k/p/N82E16819117840
Intel Core i7-2600K Sandy Bridge Quad-Core 3.4GHz (3.8GHz Turbo Boost) LGA 1155 95W BX80623I72600K Desktop Processor Intel HD Graphics 3000,https://www.newegg.com/intel-core-i7-2nd-gen-core-i7-2600k/p/N82E16819115070
Intel Core i3-8350K Coffee Lake Quad-Core 4.0 GHz LGA 1151 (300 Series) 91W BX80684I38350K Desktop Processor Intel UHD Graphics 630,https://www.newegg.com/intel-core-i3-8th-gen-core-i3-8350k/p/N82E16819117823
Intel Core i7-3770 Ivy Bridge Quad-Core 3.4GHz (3.9GHz Turbo) LGA 1155 77W BX80637I73770 Desktop Processor Intel HD Graphics 4000,https://www.newegg.com/intel-core-i7-3rd-gen-core-i7-3770/p/N82E16819116502
Intel Celeron G3900 Skylake Dual-Core 2.8 GHz LGA 1151 65W BX80662G3900 Desktop Processor Intel HD Graphics 510,https://www.newegg.com/intel-celeron-g3900/p/N82E16819117620
Intel Core i7-6700 Skylake Quad-Core 3.4 GHz LGA 1151 65W CM8066201920103 Desktop Processor Intel HD Graphics 530,https://www.newegg.com/intel-core-i7-6th-gen-core-i7-6700/p/N82E16819117583
Intel Core i7-5820K Haswell-E 6-Core 3.3 GHz LGA 2011-v3 140W BX80648I75820K Desktop Processor,https://www.newegg.com/intel-core-i7-4th-gen-core-i7-5820k/p/N82E16819117402
Intel OEM Core i7-8700 Coffee Lake 6-Core 3.2 GHz (4.6 GHz Turbo) LGA 1151 (300 Series) 65W CM8068403358316 Desktop Processor Intel UHD Graphics 630,https://www.newegg.com/core-i7-8th-gen-intel-core-i7-8700/p/N82E16819117839
Intel Core i7-2600 Sandy Bridge Quad-Core 3.4GHz (3.8GHz Turbo Boost) LGA 1155 95W CM8062300834302 Desktop Processor IntelÂ® HD Graphics 2000,https://www.newegg.com/intel-core-i7-2nd-gen-core-i7-2600/p/N82E16819117366
Intel Core i5-4590 Haswell Quad-Core 3.3 GHz LGA 1150 84W BX80646I54590 Desktop Processor Intel HD Graphics 4600,https://www.newegg.com/intel-core-i5-4th-gen-core-i5-4590/p/N82E16819116991
Intel Core i5-6600 Skylake Quad-Core 3.3 GHz LGA 1151 65W BX80662I56600 Desktop Processor Intel HD Graphics 530,https://www.newegg.com/intel-core-i5-6th-gen-core-i5-6600/p/N82E16819117562
Intel Celeron G4900 Coffee Lake Dual-Core 3.1 GHz LGA 1151 (300 Series) 54W BX80684G4900 Desktop Processor Intel UHD Graphics 610,https://www.newegg.com/intel-celeron-g4900/p/N82E16819117871
Intel Celeron G4920 Coffee Lake Dual-Core 3.2 GHz LGA 1151 (300 Series) 54W BX80684G4920 Desktop Processor Intel UHD Graphics 610,https://www.newegg.com/intel-celeron-g4920/p/N82E16819117873
Intel Celeron G3920 Skylake Dual-Core 2.9 GHz LGA 1151 65W BX80662G3920 Desktop Processor Intel HD Graphics 510,https://www.newegg.com/intel-celeron-g3920/p/N82E16819117619
Intel Celeron G3930 Kaby Lake Dual-Core 2.9 GHz LGA 1151 51W BX80677G3930 Desktop Processor Intel HD Graphics 610,https://www.newegg.com/intel-celeron-g3930/p/N82E16819117748
Intel Core i5-7500 Kaby Lake Quad-Core 3.4 GHz LGA 1151 65W CM8067702868012 Desktop Processor,https://www.newegg.com/core-i5-7th-gen-intel-core-i5-7500/p/N82E16819117756
Intel Core i7-7820X Skylake-X 8-Core 3.6 GHz LGA 2066 140W BX80673I77820X Desktop Processor,https://www.newegg.com/intel-core-i7-x-series-i7-7820x/p/N82E16819117794
Intel Core i7-7820X Skylake-X 8-Core 3.6 GHz LGA 2066 140W BX80673I77820X Desktop Processor,https://www.newegg.com/intel-core-i7-x-series-i7-7820x/p/N82E16819117794
Intel Core i9-7940X Skylake X 14-Core 3.1 GHz LGA 2066 165W BX80673I97940X Desktop Processor,https://www.newegg.com/core-i9-x-series-intel-core-i9-7940x/p/N82E16819117834
Intel Core i7-6950X Broadwell-E 10-Core 3.0 GHz LGA 2011-v3 140W BX80671I76950X Desktop Processor,https://www.newegg.com/intel-core-i7-6th-gen-core-i7-6950x-25m/p/N82E16819117643
Intel Core i7-7800X Skylake-X 6-Core 3.5 GHz LGA 2066 140W BX80673I77800X Desktop Processor,https://www.newegg.com/intel-core-i7-x-series-i7-7800x/p/N82E16819117793
Intel Core i9-7960X Skylake X 16-Core 2.8 GHz LGA 2066 165W BX80673I97960X Desktop Processor,https://www.newegg.com/core-i9-x-series-intel-core-i9-7960x/p/N82E16819117835
Intel Core i7-6800K Broadwell-E 6-Core 3.4 GHz LGA 2011-v3 140W BX80671I76800K Desktop Processor,https://www.newegg.com/intel-core-i7-6th-gen-core-i7-6800k/p/N82E16819117649
Intel Core i9-7920X Skylake X 12-Core 2.9 GHz LGA 2066 140W BX80673I97920X Desktop Processor,https://www.newegg.com/core-i9-x-series-intel-core-i9-7920x/p/N82E16819117811
Intel Core i5-4690K Devil's Canyon Quad-Core 3.5 GHz LGA 1150 88W BX80646I54690K Desktop Processor Intel HD Graphics 4600,https://www.newegg.com/intel-core-i5-4th-gen-core-i5-4690k/p/N82E16819117372
Intel Core i7-6900K Broadwell-E 8-Core 3.2 GHz LGA 2011-v3 140W BX80671I76900K Desktop Processor,https://www.newegg.com/intel-core-i7-6th-gen-core-i7-6900k-20m/p/N82E16819117645
Intel Core i7-6850K Broadwell-E 6-Core 3.6 GHz LGA 2011-V3 140W BX80671I76850K Desktop Processor,https://www.newegg.com/intel-core-i7-6th-gen-core-i7-6850k/p/N82E16819117647
Intel Core i7-5960X Haswell-E 8-Core 3.0 GHz LGA 2011-v3 140W BX80648I75960X Desktop Processor,https://www.newegg.com/intel-core-i7-4th-gen-core-i7-5960x/p/N82E16819117404
Intel Core i5-7600K Kaby Lake Quad-Core 3.8 GHz LGA 1151 91W CM8067702868219 Desktop Processor Intel HD Graphics 630,https://www.newegg.com/intel-core-i5-7th-gen-core-i5-7600k/p/N82E16819117754
Intel Core i5-6500 Skylake Quad-Core 3.2 GHz LGA 1151 65W CM8066201920404 Desktop Processor Intel HD Graphics 530,https://www.newegg.com/intel-core-i5-6th-gen-core-i5-6500/p/N82E16819117586
Intel Core i7-7700K Kaby Lake Quad-Core 4.2 GHz LGA 1151 95W CM8067702868535 OEM Processors - Desktops,https://www.newegg.com/core-i7-7th-gen-intel-core-i7-7700k/p/N82E16819117749
Intel Core i5-6600K Skylake Quad-Core 3.5 GHz LGA 1151 91W CM8066201920300 Desktop Processor Intel HD Graphics 530,https://www.newegg.com/intel-core-i5-6th-gen-core-i5-6600k/p/N82E16819117584
Intel Core i5-2500 Sandy Bridge Quad-Core 3.3GHz (3.7GHz Turbo Boost) LGA 1155 95W BX80623I52500 Desktop Processor Intel HD Graphics 2000,https://www.newegg.com/intel-core-i5-2nd-gen-core-i5-2500/p/N82E16819115073
Intel OEM Core i3-8100 Coffee Lake Quad-Core 3.6 GHz LGA 1151 (300 Series) CM8068403377308 Desktop Processor Intel UHD Graphics 630,https://www.newegg.com/intel-core-i3-8th-gen-core-i3-8100/p/N82E16819117838
Intel Core i3-6100 3M 3.7 GHz LGA 1151 BX80662I36100 Desktop Processor,https://www.newegg.com/intel-core-i3-6th-gen-core-i3-6100/p/2MN-0004-00002
Intel Core i5-4570S Haswell Quad-Core 2.9 GHz LGA 1150 65W BX80646I54570S Desktop Processor Intel HD Graphics,https://www.newegg.com/intel-core-i5-4th-gen-core-i5-4570s/p/N82E16819116897
Intel Core i9-7900X Skylake-X 10-Core 3.3 GHz LGA 2066 140W BX80673I97900X Desktop Processor,https://www.newegg.com/intel-core-i9-x-series-i9-7900x/p/N82E16819117795
Intel Pentium G3240 Haswell Dual-Core 3.1 GHz LGA 1150 53W BX80646G3240 Desktop Processor Intel HD Graphics,https://www.newegg.com/intel-pentium-g3240/p/N82E16819116998
Intel OEM Core i7-8700K Coffee Lake 6-Core 3.7 GHz (4.7 GHz Turbo) LGA 1151 (300 Series)  CM8068403358220 Desktop Processor Intel UHD Graphics 630,https://www.newegg.com/core-i7-8th-gen-intel-core-i7-8700k/p/274-000A-003B0
Intel Core i7-6700 Skylake Quad-Core 3.4 GHz LGA 1151 65W BX80662I76700 Desktop Processor,https://www.newegg.com/intel-core-i7-6th-gen-core-i7-6700/p/N82E16819117560
Intel Core i5-9600K Coffee Lake 6-Core 3.7 GHz (4.6 GHz Turbo) LGA 1151 (300 Series) 95W CM8068403874404 Desktop Processor Intel UHD Graphics 630,https://www.newegg.com/core-i5-9th-gen-intel-core-i5-9600k/p/274-000A-007A4
Intel Core i7-4770K Haswell Quad-Core 3.5 GHz LGA 1150 84W BX80646I74770K Desktop Processor Intel HD Graphics,https://www.newegg.com/intel-core-i7-4th-gen-core-i7-4770k/p/N82E16819116901
Intel Core i5-2500K Sandy Bridge Quad-Core 3.3GHz (3.7GHz Turbo Boost) LGA 1155 95W BX80623I52500K Desktop Processor Intel HD Graphics 3000,https://www.newegg.com/intel-core-i5-2nd-gen-core-i5-2500k/p/N82E16819115072
Intel Core i7-3960X Extreme Edition Sandy Bridge-E 6-Core 3.3GHz (3.9GHz Turbo) LGA 2011 130W BX80619i73960X Desktop Processor,https://www.newegg.com/intel-core-i7-extreme-edition-core-i7-3960x-extreme-edition/p/N82E16819116491
Intel Core i7-980X Extreme Edition Gulftown 6-Core 3.33 GHz LGA 1366 130W AT80613003543AE Desktop Processor,https://www.newegg.com/intel-core-i7-extreme-edition-core-i7-980x-extreme-edition/p/N82E16819115226
Intel Core i5-9600KF 3.7 GHz LGA 1151 (300 Series) CM8068403874410 Desktop Processor - OEM,https://www.newegg.com/core-i5-9th-gen-intel-core-i5-9600kf/p/N82E16819118087
Intel Core i5-3470 Ivy Bridge Quad-Core 3.2 GHz LGA 1155 77W BX80637i53470 Desktop Processor Intel HD Graphics 2500,https://www.newegg.com/intel-core-i5-3rd-gen-core-i5-3470/p/N82E16819115234
Intel Core i7-2600 Sandy Bridge Quad-Core 3.4GHz (3.8GHz Turbo Boost) LGA 1155 95W BX80623I72600 Desktop Processor Intel HD Graphics 2000,https://www.newegg.com/intel-core-i7-2nd-gen-core-i7-2600/p/N82E16819115071
Intel Core i7-4790K  Devil's Canyon Quad-Core 4.0 GHz LGA 1150 88W BXF80646I74790K Desktop Processor Intel HD Graphics 4600,https://www.newegg.com/intel-core-i7-4th-gen-i7-4790k/p/N82E16819117547
Intel Core i7-2700K Sandy Bridge Quad-Core 3.5GHz (3.9GHz Turbo) LGA 1155 95W BX80623i72700K Desktop Processor Intel HD Graphics 3000,https://www.newegg.com/intel-core-i7-2nd-gen-core-i7-2700k/p/N82E16819115095
Intel Core i7-5930K Haswell-E 6-Core 3.5 GHz LGA 2011-v3 140W BX80648I75930K Desktop Processor,https://www.newegg.com/intel-core-i7-5th-gen-core-i7-5930k/p/N82E16819117403
Intel Core i5-2400 Sandy Bridge Quad-Core 3.1GHz (3.4GHz Turbo Boost) LGA 1155 95W BX80623I52400 Desktop Processor Intel HD Graphics 2000,https://www.newegg.com/intel-core-i5-2nd-gen-core-i5-2400/p/N82E16819115074
Intel Core i5-3570K Ivy Bridge Quad-Core 3.4GHz (3.8GHz Turbo) LGA 1155 77W BX80637I53570K Desktop Processor Intel HD Graphics 4000,https://www.newegg.com/intel-core-i5-3rd-gen-core-i5-3570k/p/N82E16819116504
Intel Core i7-5930K Haswell-E 6-Core 3.5 GHz LGA 2011-v3 140W BX80648I75930K Desktop Processor,https://www.newegg.com/intel-core-i7-5th-gen-core-i7-5930k/p/N82E16819117403
Intel Core i7-3770 Ivy Bridge Quad-Core 3.4GHz (3.9GHz Turbo) LGA 1155 77W CM8063701211600 Desktop Processor Intel HD Graphics 4000,https://www.newegg.com/intel-core-i7-3rd-gen-core-i7-3770/p/N82E16819116957
Intel Core i3-4170 Haswell Dual-Core 3.7 GHz LGA 1150 54W BX80646I34170 Desktop Processor Intel HD Graphics 4400,https://www.newegg.com/intel-core-i3-4th-gen-core-i3-4170/p/N82E16819117543
Intel Core 2 Quad Q9650 Yorkfield Quad-Core 3.0 GHz LGA 775 95W BX80569Q9650 Desktop Processor,https://www.newegg.com/intel-core-2-quad-q9650/p/N82E16819115130
Intel Core 2 Duo E8600 Wolfdale Dual-Core 3.33 GHz LGA 775 65W BX80570E8600 Processor,https://www.newegg.com/intel-core-2-duo-e8600/p/N82E16819115054
Intel Intel Core i9-9940X Skylake X 14-Core 3.3 GHz LGA 2066 165W CD8067304175600 Desktop Processor,https://www.newegg.com/core-i9-x-series-intel-core-i9-9940x/p/N82E16819117977
Intel Core 2 Quad Q6600 Kentsfield Quad-Core 2.4 GHz LGA 775 BX80562Q6600 Processor,https://www.newegg.com/intel-core-2-quad-q6600/p/N82E16819115017
Intel Core i7-990X Extreme Edition Gulftown 6-Core 3.46 GHz LGA 1366 130W BX80613I7990X Desktop Processor,https://www.newegg.com/intel-core-i7-extreme-edition-core-i7-990x-extreme-edition/p/N82E16819115079
Intel Core i7-950 Bloomfield Quad-Core 3.06 GHz LGA 1366 130W BX80601950 Processor,https://www.newegg.com/intel-core-i7-950/p/N82E16819115211
Intel Core i7-7700 Kaby Lake Quad-Core 3.6 GHz LGA 1151 65W CM8067702868314 Desktop Processor,https://www.newegg.com/intel-core-i7-7th-gen-core-i7-7700/p/N82E16819117751
Intel Core i7-3770S Ivy Bridge Quad-Core 3.1GHz (3.9GHz Turbo) LGA 1155 65W BX80637I73770S Desktop Processor Intel HD Graphics 4000,https://www.newegg.com/intel-core-i7-3rd-gen-core-i7-3770s/p/N82E16819116503
Intel Core i7-920 Bloomfield Quad-Core 2.66 GHz LGA 1366 130W BX80601920 Processor,https://www.newegg.com/intel-core-i7-920/p/N82E16819115202
Intel Core i7-870 Lynnfield Quad-Core 2.93 GHz LGA 1156 95W BX80605I7870 Processor,https://www.newegg.com/intel-core-i7-870/p/N82E16819115213
Intel Core i5-4570 Haswell Quad-Core 3.2 GHz LGA 1150 84W BX80646I54570 Desktop Processor Intel HD Graphics,https://www.newegg.com/intel-core-i5-4th-gen-core-i5-4570/p/N82E16819116896
Intel Core i3-3220 Ivy Bridge Dual-Core 3.3 GHz LGA 1155 55W BX80637i33220 Desktop Processor                                                                                   Intel HD Graphics 2500,https://www.newegg.com/intel-core-i3-3rd-gen-core-i3-3220/p/N82E16819116775
Intel Core i3-9100 Coffee Lake 4-Core 4.2 GHz LGA 1151 (300 Series) 65W CM8068403377319 Desktop Processor Intel UHD Graphics 630 - OEM,https://www.newegg.com/intel-core-i3-9th-gen-core-i3-9100/p/N82E16819118030
Intel Core i5-650 Clarkdale Dual-Core 3.2 GHz LGA 1156 73W BX80616I5650 Desktop Processor Intel HD Graphics,https://www.newegg.com/intel-core-i5-650/p/N82E16819115220
Intel Celeron G1630 Ivy Bridge Dual-Core 2.8 GHz LGA 1155 55W BX80637G1630 Desktop Processor Intel HD Graphics,https://www.newegg.com/intel-celeron-dual-core-celeron-g1630/p/N82E16819116951
Intel Core i7-930 Bloomfield Quad-Core 2.8 GHz LGA 1366 130W BX80601930 Desktop Processor,https://www.newegg.com/intel-core-i7-930/p/N82E16819115225
Intel Core i5-750 Lynnfield Quad-Core 2.66 GHz LGA 1156 95W BX80605I5750 Processor,https://www.newegg.com/intel-core-i5-750/p/N82E16819115215
Intel Core i7-3820 Sandy Bridge-E Quad-Core 3.6GHz (3.8GHz Turbo Boost) LGA 2011 130W BX80619i73820 Desktop Processor,https://www.newegg.com/intel-core-i7-3rd-gen-core-i7-3820/p/N82E16819115229
Intel Core i7-980X Extreme Edition Gulftown 6-Core 3.33 GHz LGA 1366 130W BX80613I7980X Desktop Processor,https://www.newegg.com/intel-core-i7-extreme-edition-core-i7-980x-extreme-edition/p/N82E16819115223
Intel Core i7-6700 Skylake Quad-Core 3.4 GHz LGA 1151 65W BX80662I76700 Desktop Processor,https://www.newegg.com/intel-core-i7-6th-gen-core-i7-6700/p/N82E16819117560
Intel Core i3-3240 Ivy Bridge Dual-Core 3.4 GHz LGA 1155 55W BX80637i33240 Desktop Processor                                                                                   Intel HD Graphics 2500,https://www.newegg.com/intel-core-i3-3rd-gen-core-i3-3240/p/N82E16819116773
Intel Core i5-4690 Haswell Quad-Core 3.5 GHz LGA 1150 84W BX80646I54690 Desktop Processor Intel HD Graphics 4600,https://www.newegg.com/intel-core-i5-4th-gen-core-i5-4690/p/N82E16819116989
Intel Celeron G1610 Ivy Bridge Dual-Core 2.6 GHz LGA 1155 55W CM8063701444901 Desktop Processor,https://www.newegg.com/intel-celeron-g1610/p/N82E16819117384
Intel Core i3-4150 Haswell Dual-Core 3.5 GHz LGA 1150 54W BX80646I34150 Desktop Processor Intel HD Graphics 4400,https://www.newegg.com/intel-core-i3-4th-gen-core-i3-4150/p/N82E16819116995
Intel Core i5 3470S Ivy Bridge Quad-Core 2.9 GHz LGA 1155 65W BX80637I53470S Desktop Processor Intel HD Graphics 2500,https://www.newegg.com/intel-core-i5-3rd-gen-core-i5-3470s/p/N82E16819116876
Intel Core i7-4960X Ivy Bridge-E 6-Core 3.6GHz (Turbo 4GHz) LGA 2011 130W BX80633i74960X Desktop Processor,https://www.newegg.com/intel-core-i7-4th-gen-core-i7-4960x/p/N82E16819116938
Intel Core 2 Quad Q8300 Yorkfield Quad-Core 2.5 GHz LGA 775 95W BX80580Q8300 Desktop Processor,https://www.newegg.com/intel-core-2-quad-q8300/p/N82E16819115207
Intel Core i7-4790 Haswell Quad-Core 3.6 GHz LGA 1150 84W CM8064601560113 Desktop Processor Intel HD Graphics 4600,https://www.newegg.com/intel-core-i7-4th-gen-core-i7-4790/p/N82E16819117653
Intel Core 2 Extreme QX9650 Yorkfield Quad-Core 3.0 GHz LGA 775 130W EU80569XJ080NL Processor,https://www.newegg.com/intel-core-2-extreme-qx9650/p/N82E16819115035
Intel Core 2 Quad Q9400 Yorkfield Quad-Core 2.66 GHz LGA 775 95W AT80580PJ0676M Desktop Processor,https://www.newegg.com/intel-core-2-quad-q9400/p/N82E16819116384
Intel Core 2 Duo E8400 Wolfdale Dual-Core 3.0 GHz LGA 775 65W BX80570E8400 Processor,https://www.newegg.com/intel-core-2-duo-e8400/p/N82E16819115037
Intel Core i3-7100 Kaby Lake Dual-Core 3.9 GHz LGA 1151 51W CM8067703014612 Desktop Processor Intel HD Graphics 630,https://www.newegg.com/intel-core-i3-7th-gen-core-i3-7100/p/N82E16819117737
Intel Core i3-7320 Kaby Lake Dual-Core 4.1 GHz LGA 1151 51W BX80677I37320 Desktop Processor Intel HD Graphics 630,https://www.newegg.com/intel-core-i3-7th-gen-core-i3-7320/p/N82E16819117732
Intel Core i3-2120 Sandy Bridge Dual-Core 3.3 GHz LGA 1155 65W CM8062301044204 Desktop Processor Intel HD Graphics 2000,https://www.newegg.com/intel-core-i3-2nd-gen-core-i3-2120/p/N82E16819116891
Intel Core i3-7350K Kaby Lake 4.2 GHz LGA 1151 60W CM8067703014431 Desktop Processor Intel HD Graphics 630,https://www.newegg.com/intel-core-i3-7th-gen-core-i3-7350k/p/N82E16819117773
Intel Core i5-760 Lynnfield Quad-Core 2.8 GHz LGA 1156 95W BX80605I5760 Desktop Processor,https://www.newegg.com/intel-core-i5-760/p/N82E16819115067
Intel Core i3-4160 Haswell Dual-Core 3.6 GHz LGA 1150 54W BX80646I34160 Desktop Processor Intel HD Graphics 4400,https://www.newegg.com/intel-core-i3-4th-gen-core-i3-4160/p/N82E16819117447
Intel Core i3-4130 Haswell Dual-Core 3.4 GHz LGA 1150 54W BX80646I34130 Desktop Processor Intel HD Graphics 4400,https://www.newegg.com/intel-core-i3-4th-gen-core-i3-4130/p/N82E16819116946
Intel Core i3-2100 Sandy Bridge Dual-Core 3.1 GHz LGA 1155 65W BX80623I32100 Desktop Processor Intel HD Graphics 2000,https://www.newegg.com/intel-core-i3-2nd-gen-core-i3-2100/p/N82E16819115078
Intel Core i5-7400 Kaby Lake Quad-Core 3.0 GHz LGA 1151 65W CM8067702867050 Desktop OEM Processor Intel HD Graphics 630,https://www.newegg.com/intel-core-i5-7th-gen-core-i5-7400/p/N82E16819117759
Intel Core i5-3330 Ivy Bridge Quad-Core 3.0GHz (3.2GHz Turbo) LGA 1155 BX80637i53330 Desktop Processor Intel HD Graphics 2500,https://www.newegg.com/intel-core-i5-3rd-gen-core-i5-3330/p/N82E16819116781
Intel Core i5-6600 Skylake Quad-Core 3.3 GHz LGA 1151 65W CM8066201920401 Desktop Processor Intel HD Graphics 530,https://www.newegg.com/intel-core-i5-6th-gen-core-i5-6600/p/N82E16819117585
Intel Core i7-940 Bloomfield Quad-Core 2.93 GHz LGA 1366 130W BX80601940 Desktop Processor,https://www.newegg.com/intel-core-i7-940/p/N82E16819115201
Intel Core i3-3220T Ivy Bridge Dual-Core 2.8 GHz LGA 1155 35W BX80637i33220T Desktop Processor                                                                                   Intel HD Graphics 2500,https://www.newegg.com/intel-core-i3-3rd-gen-core-i3-3220t/p/N82E16819116776
Intel Core2 Duo E7500 Wolfdale Dual-Core 2.93 GHz LGA 775 65W BX80571E7500 Processor,https://www.newegg.com/intel-core-2-duo-core2-duo-e7500/p/N82E16819115056
Intel Core i7-4790S Haswell Quad-Core 3.2 GHz LGA 1150 65W BX80646I74790S Desktop Processor Intel HD Graphics 4600,https://www.newegg.com/intel-core-i7-4th-gen-core-i7-4790s/p/N82E16819116988
Intel Pentium E5200 Wolfdale Dual-Core 2.5 GHz LGA 775 65W BX80571E5200 Desktop Processor,https://www.newegg.com/intel-pentium-dual-core-pentium-e5200/p/N82E16819116072
Intel Pentium 4 630 Prescott Single-Core 3.0 GHz LGA 775 JM80547PG0802MM Processor,https://www.newegg.com/intel-pentium-4-630/p/N82E16819116016
Intel Celeron G1820 Processor 2.7GHz LGA1150 CPU with Air CPU Cooler OEM,https://www.newegg.com/celeron-dual-core-intel-celeron-g1820/p/274-000A-006M5
Intel Core 2 Duo E8400 Wolfdale Dual-Core 3.0 GHz LGA 775 65W EU80570PJ0806M Processor,https://www.newegg.com/intel-core-2-duo-e8400/p/N82E16819115046
Intel Pentium E5300 Wolfdale Dual-Core 2.6 GHz LGA 775 65W BX80571E5300 Desktop Processor,https://www.newegg.com/intel-pentium-dual-core-pentium-e5300/p/N82E16819116074
Intel Pentium E6300 Wolfdale Dual-Core 2.8 GHz LGA 775 65W BX80571E6300 Processor,https://www.newegg.com/intel-pentium-e6300/p/N82E16819116091
Intel Core i3-2130 Sandy Bridge Dual-Core 3.4 GHz LGA 1155 65W BX80623I32130 Desktop Processor Intel HD Graphics 2000,https://www.newegg.com/intel-core-i3-2nd-gen-core-i3-2130/p/N82E16819115092
Intel Core 2 Quad Q6700 Kentsfield Quad-Core 2.66 GHz LGA 775 95W BX80562Q6700 Processor,https://www.newegg.com/intel-core-2-quad-q6700/p/N82E16819115027
Intel Core i5-750 Lynnfield Quad-Core 2.66 GHz LGA 1156 95W BV80605001911AP Processor,https://www.newegg.com/intel-core-i5-750/p/N82E16819116272
Intel Pentium 4 530J Prescott Single-Core 3.0 GHz LGA 775 BX80547PG3000EJ Processor,https://www.newegg.com/intel-pentium-4-530j/p/N82E16819116200
Intel Core 2 Extreme X6800 Conroe Dual-Core 2.93 GHz LGA 775 75W BX80557X6800 Processor,https://www.newegg.com/intel-core-2-extreme-x6800/p/N82E16819115001
Intel Celeron G4930 Coffee Lake Dual-Cor 3.2 GHz LGA 1151 (300 Series) 54W BX80684G4930 Desktop Processor Intel UHD Graphics 610,https://www.newegg.com/intel-celeron-g4930/p/N82E16819118080
Intel Core i5-7600 Kaby Lake Quad-Core 3.5 GHz LGA 1151 65W CM8067702868011 Desktop Processor Intel HD Graphics 630,https://www.newegg.com/intel-core-i5-7th-gen-core-i5-7600/p/N82E16819117755
Intel Core i3-3210 Ivy Bridge Dual-Core 3.2 GHz LGA 1155 55W BX80637I33210 Desktop Processor Intel HD Graphics,https://www.newegg.com/intel-core-i3-3rd-gen-core-i3-3210/p/N82E16819116890
Intel Core 2 Extreme QX9770 Yorkfield Quad-Core 3.2 GHz LGA 775 136W EU80569XL088NL Processor,https://www.newegg.com/intel-core-2-extreme-qx9770/p/N82E16819115050
Intel Core i3-550 Clarkdale Dual-Core 3.2 GHz LGA 1156 73W BX80616I3550 Desktop Processor Intel HD Graphics,https://www.newegg.com/intel-core-i3-550/p/N82E16819115065
Intel Pentium G620 Sandy Bridge Dual-Core 2.6 GHz LGA 1155 65W BX80623G620 Desktop Processor Intel HD Graphics,https://www.newegg.com/intel-pentium-g620/p/N82E16819116399
Intel Pentium D 925 Presler Dual-Core 3.0 GHz LGA 775 95W BX80553925 Processor,https://www.newegg.com/intel-pentium-d-925/p/N82E16819116254
Intel Core i7-6700K Skylake Quad-Core 4.0 GHz LGA 1151 91W CM8066201919901 Desktop Processor Intel HD Graphics 530,https://www.newegg.com/intel-core-i7-6th-gen-core-i7-6700k/p/N82E16819117582
Intel Core i7-4770K Haswell Quad-Core 3.5 GHz LGA 1150 84W CM8064601464206 Desktop Processor Intel HD Graphics 4600,https://www.newegg.com/intel-core-i7-4th-gen-core-i7-4770k/p/N82E16819117417
Intel BX80677I77700T 7th Generation Core i7-7700T Processor,https://www.newegg.com/intel-core-i7-7th-gen-core-i7-7700t/p/274-000A-000F4
Intel Core i7-2600S Sandy Bridge Quad-Core 2.8GHz (3.8GHz Turbo Boost) LGA 1155 65W BX80623I72600S Desktop Processor Intel HD Graphics 2000,https://www.newegg.com/intel-core-i7-2nd-gen-i7-2600s/p/N82E16819115228
Intel Core i5-3450 Ivy Bridge Quad-Core 3.1GHz (3.5GHz Turbo) LGA 1155 77W BX80637I53450 Desktop Processor Intel HD Graphics 2500,https://www.newegg.com/intel-core-i5-3rd-gen-core-i5-3450/p/N82E16819116506
Intel Core i5-3350P Ivy Bridge Quad-Core 3.1GHz (3.3GHz Turbo) LGA 1155 69W BX80637i53350P Desktop Processor,https://www.newegg.com/intel-core-i5-3rd-gen-core-i5-3350p/p/N82E16819116782
Intel Core i5-3340 Ivy Bridge Quad-Core 3.1GHz (3.3GHz Turbo) LGA 1155 77W BX80637I53340 Desktop Processor Intel HD Graphics,https://www.newegg.com/intel-core-i5-3rd-gen-core-i5-3340/p/N82E16819116943
Intel Core i5-3450S Ivy Bridge Quad-Core 2.8GHz (3.5GHz Turbo) LGA 1155 65W BX80637I53450S Desktop Processor Intel HD Graphics 2500,https://www.newegg.com/intel-core-i5-3rd-gen-core-i5-3450s/p/N82E16819116507
Intel Core i5-2400S Sandy Bridge Quad-Core 2.5GHz (3.3GHz Turbo Boost) LGA 1155 65W BX80623I52400S Desktop Processor Intel HD Graphics 2000,https://www.newegg.com/intel-core-i5-2nd-gen-core-i5-2400s/p/N82E16819115075
Intel Core i5-3340S Ivy Bridge Quad-Core 2.8GHz (3.3GHz Turbo) LGA 1155 65W BX80637I53340S Desktop Processor Intel HD Graphics,https://www.newegg.com/intel-core-i5-3rd-gen-core-i5-3340s/p/N82E16819116954
Intel Core i7-980 Gulftown 6-Core 3.33 GHz LGA 1366 130W BX80613I7980 Desktop Processor,https://www.newegg.com/intel-core-i7-980/p/N82E16819116402
Intel Celeron E3400 Dual-Core 2.6 GHz LGA 775 65W AT80571RG0641ML Desktop Processor,https://www.newegg.com/intel-celeron-dual-core-celeron-e3400/p/N82E16819117324
Intel Core i3-4340 Haswell Dual-Core 3.6 GHz LGA 1150 54W BX80646I34340 Desktop Processor Intel HD Graphics 4600,https://www.newegg.com/intel-core-i3-4th-gen-core-i3-4340/p/N82E16819116944
Intel Core i7-860 Lynnfield Quad-Core 2.8 GHz LGA 1156 95W BX80605I7860 Processor,https://www.newegg.com/intel-core-i7-860/p/N82E16819115214
Intel Core i5-4590S Haswell Quad-Core 3.0 GHz LGA 1150 65W BX80646I54590S Desktop Processor Intel HD Graphics 4600,https://www.newegg.com/intel-core-i5-4th-gen-core-i5-4590s/p/N82E16819116992
Intel Core i7-960 Bloomfield Quad-Core 3.2 GHz LGA 1366 130W BX80601960 Desktop Processor,https://www.newegg.com/intel-core-i7-960/p/N82E16819115224
Intel Core i3-3225 Ivy Bridge Dual-Core 3.3 GHz LGA 1155 55W BX80637I33225 Desktop Processor                                                                                   Intel HD Graphics 4000,https://www.newegg.com/intel-core-i3-3rd-gen-core-i3-3225/p/N82E16819116774
Intel Core i5-4460 Haswell Quad-Core 3.2 GHz LGA 1150 CM8064601560722 Desktop Processor Intel HD Graphics 4600,https://www.newegg.com/intel-core-i5-4th-gen-core-i5-4460/p/N82E16819117652
Intel Celeron E1200 Dual-Core 1.6 GHz LGA 775 65W BX80557E1200 Processor,https://www.newegg.com/intel-celeron-dual-core-celeron-e1200/p/N82E16819116064
Intel Intel Core i9-9920X Skylake X 12-Core 3.5 GHz LGA 2066 165W CD8067304126300 Desktop Processor,https://www.newegg.com/core-i9-x-series-intel-core-i9-9920x/p/N82E16819117976
Intel Core i7-860S Lynnfield Quad-Core 2.53 GHz LGA 1156 82W BX80605I7860S Desktop Processor,https://www.newegg.com/intel-core-i7-860s/p/N82E16819115061
Intel Core i3-3245 Ivy Bridge Dual-Core 3.4 GHz LGA 1155 55W BX80637I33245 Desktop Processor Intel HD Graphics 4000,https://www.newegg.com/intel-core-i3-3rd-gen-core-i3-3245/p/N82E16819116923
Intel Celeron E1400 Allendale Dual-Core 2.0 GHz LGA 775 65W BX80557E1400 Processor,https://www.newegg.com/intel-celeron-e1400/p/N82E16819116069
Intel Core i7-965 Extreme Edition Bloomfield Quad-Core 3.2 GHz LGA 1366 130W BX80601965 Desktop Processor,https://www.newegg.com/intel-core-i7-965-extreme-edition/p/N82E16819115200
Intel Core 2 Quad Q9550 Yorkfield Quad-Core 2.83 GHz LGA 775 95W BX80569Q9550 Desktop Processor,https://www.newegg.com/intel-core-2-quad-q9550/p/N82E16819115041
Intel Celeron E3300 Wolfdale Dual-Core 2.5 GHz LGA 775 65W BX80571E3300 Processor,https://www.newegg.com/intel-celeron-dual-core-celeron-e3300/p/N82E16819116264
Intel Core i5-3330 Quad-Core LGA 1155 CM8063701134306 Desktop Processor,https://www.newegg.com/intel-core-i5-3330/p/N82E16819117436
Intel Pentium 4 524 Prescott Single-Core 3.06 GHz LGA 775 BX80547PE3066E Processor,https://www.newegg.com/intel-pentium-4-524/p/N82E16819116014
Intel Core 2 Quad Q9300 Yorkfield Quad-Core 2.5 GHz LGA 775 95W BX80580Q9300 Processor,https://www.newegg.com/intel-core-2-quad-q9300/p/N82E16819115043
Intel Core 2 Duo E6600 Conroe Dual-Core 2.4 GHz LGA 775 HH80557PH0564M Processor,https://www.newegg.com/intel-core-2-duo-e6600/p/N82E16819115008
Intel Core 2 Extreme QX6850 Kentsfield Quad-Core 3.0 GHz LGA 775 130W BX80562QX6850 Processor,https://www.newegg.com/intel-core-2-extreme-qx6850/p/N82E16819115026
Intel Core 2 Extreme QX6800 Kentsfield 2.93GHz LGA 775 130W Quad-Core Processor Model BX80562QX6800,https://www.newegg.com/intel-core-2-extreme-qx6800/p/N82E16819115021
Intel Core i5-3550 Ivy Bridge Quad-Core 3.3GHz (3.7GHz Turbo) LGA 1155 77W BX80637I53550 Desktop Processor Intel HD Graphics 2500,https://www.newegg.com/intel-core-i5-3rd-gen-core-i5-3550/p/N82E16819116505
Intel Core i7-4770 Haswell Quad-Core 3.4 GHz LGA 1150 84W BX80646I74770 Desktop Processor Intel HD Graphics 4600,https://www.newegg.com/intel-core-i7-4th-gen-core-i7-4770/p/N82E16819116966
Intel Quad-Core 3.6 GHz LGA 2011 CM8061901049606 Desktop Processor,https://www.newegg.com/p/N82E16819117498
Intel Pentium G3420 Haswell Dual-Core 3.2 GHz LGA 1150 54W BX80646G3420 Desktop Processor Intel HD Graphics,https://www.newegg.com/intel-pentium-dual-core-pentium-g3420/p/N82E16819116949
Intel Pentium G3258 Haswell Dual-Core 3.2 GHz LGA 1150 CM8064601482573 Desktop Processor,https://www.newegg.com/p/N82E16819117375
Intel Core i7-4770S Haswell Quad-Core 3.1 GHz LGA 1150 65W BX80646I74770S Desktop Processor Intel HD Graphics,https://www.newegg.com/intel-core-i7-4th-gen-core-i7-4770s/p/N82E16819116902
Intel Core i3-2120 Sandy Bridge Dual-Core 3.3 GHz LGA 1155 65W BX80623I32120 Desktop Processor Intel HD Graphics 2000,https://www.newegg.com/intel-core-i3-2nd-gen-core-i3-2120/p/N82E16819115077
Intel Core i5-4670 Haswell Quad-Core 3.4 GHz LGA 1150 84W BX80646I54670 Desktop Processor Intel HD Graphics,https://www.newegg.com/intel-core-i5-4th-gen-core-i5-4670/p/N82E16819116898
Intel Core i7-875K Lynnfield Quad-Core 2.93 GHz LGA 1156 95W BX80605I7875K Unlocked Desktop Processor,https://www.newegg.com/intel-core-i7-875k/p/N82E16819116368
Intel Core i7-970 Gulftown 6-Core 3.2 GHz LGA 1366 130W BX80613I7970 Desktop Processor,https://www.newegg.com/intel-core-i7-970/p/N82E16819115066
Intel Core i7-975 Extreme Edition Bloomfield Quad-Core 3.33 GHz LGA 1366 130W BX80601975 Desktop Processor,https://www.newegg.com/intel-core-i7-extreme-edition-core-i7-975-extreme-edition/p/N82E16819115212
Intel Core i5-7500T Quad-core (4 Core) 2.70 GHz Processor - Socket H4 LGA-1151 Retail Pack - 1MB - 6MB Cache - 8 GT/s DMI - 64-bit Processing - 3.30 GHz Overclocking Speed - 14 nm,https://www.newegg.com/intel-core-i5-7th-gen-core-i5-7500t/p/2HK-000X-00019
Intel Core i3-3220 3.3 GHz LGA 1155 55W CM8063701137502 Desktop Processor Intel HD Graphics 2500,https://www.newegg.com/intel-core-i3-3rd-gen-core-i3-3220/p/N82E16819116956
Intel Celeron D 336 Prescott Single-Core 2.8 GHz LGA 775 JM80547RE072CN Processor,https://www.newegg.com/intel-celeron-d-336/p/N82E16819112220
Intel Core 2 Duo E6300 Conroe Dual-Core 1.86 GHz LGA 775 65W BX80557E6300 Processor,https://www.newegg.com/intel-core-2-duo-e6300/p/N82E16819115005
Intel Core 2 Duo E6550 Conroe Dual-Core 2.33 GHz LGA 775 65W BX80557E6550 Processor,https://www.newegg.com/intel-core-2-duo-e6550/p/N82E16819115030
Intel Core2 Quad Q9400 Quad-Core 2.66 GHz LGA 775 95W BX80580Q9400 Processor,https://www.newegg.com/intel-core-2-quad-core2-quad-q9400/p/N82E16819115131
Intel Celeron G1840 Haswell Dual-Core 2.8 GHz LGA 1150 53W BX80646G1840 Desktop Processor Intel HD Graphics,https://www.newegg.com/intel-celeron-g1840/p/N82E16819117301
Intel Core i5-680 Clarkdale Dual-Core 3.6 GHz LGA 1156 BX80616I5680 Desktop Processor Intel HD Graphics,https://www.newegg.com/intel-core-i5-680/p/N82E16819115227
Intel Core 2 Duo E6700 Conroe Dual-Core 2.66 GHz LGA 775 65W BX80557E6700 Processor,https://www.newegg.com/intel-core-2-duo-e6700/p/N82E16819115002
Intel Core 2 Quad Q8200 Quad-Core 2.33 GHz LGA 775 95W BX80580Q8200 Processor,https://www.newegg.com/intel-core-2-quad-q8200/p/N82E16819115055
Intel Core 2 Duo E7600 Wolfdale Dual-Core 3.06 GHz LGA 775 65W BX80571E7600 Processor,https://www.newegg.com/intel-core-2-duo-e7600/p/N82E16819115059
Intel Core 2 Duo E6600 Conroe Dual-Core 2.4 GHz LGA 775 65W BX80557E6600 Processor,https://www.newegg.com/intel-core-2-duo-e6600/p/N82E16819115003
Intel Core i7-950 Bloomfield Quad-Core 3.06 GHz LGA 1366 130W AT80601002112AA Processor,https://www.newegg.com/intel-core-i7-950/p/N82E16819116276
Intel Core 2 Quad Q8400 Yorkfield Quad-Core 2.66 GHz LGA 775 95W BX80580Q8400 Processor,https://www.newegg.com/intel-core-2-quad-q8400/p/N82E16819115057
Intel Core i5-2320 Sandy Bridge Quad-Core 3.0GHz (3.3GHz Turbo Boost) LGA 1155 95W BX80623I52320 Desktop Processor Intel HD Graphics 2000,https://www.newegg.com/intel-core-i5-2nd-gen-core-i5-2320/p/N82E16819115091
Intel Core i3-4360 Haswell Dual-Core 3.7 GHz LGA 1150 54W BX80646I34360 Desktop Processor Intel HD Graphics 4600,https://www.newegg.com/intel-core-i3-4th-gen-core-i3-4360/p/N82E16819116993
Intel Pentium 4 630 Prescott Single-Core 3.0 GHz LGA 775 BX80547PG3000F EM64T Processor,https://www.newegg.com/intel-pentium-4-630/p/N82E16819116198
Intel Pentium 4 640 Prescott Single-Core 3.2 GHz LGA 775 84W BX80547PG3200F Processor,https://www.newegg.com/intel-pentium-4-640/p/N82E16819116197
Intel Core 2 Duo E8500 Wolfdale Dual-Core 3.16 GHz LGA 775 65W BX80570E8500 Processor,https://www.newegg.com/intel-core-2-duo-e8500/p/N82E16819115036
Intel Pentium G3220 Haswell Dual-Core 3.0 GHz LGA 1150 54W BX80646G3220 Desktop Processor Intel HD Graphics,https://www.newegg.com/intel-pentium-dual-core-pentium-g3220/p/N82E16819116950
Intel Pentium Dual-Core E6500 Wolfdale Dual-Core 2.93 GHz LGA 775 65W BX80571E6500 Processor,https://www.newegg.com/intel-pentium-dual-core-e6500/p/N82E16819116093
Intel Pentium E6700 Wolfdale Dual-Core 3.2 GHz LGA 775 65W BX80571E6700 Desktop Processor,https://www.newegg.com/intel-pentium-e6700/p/N82E16819116370
Intel Pentium E5800 Wolfdale Dual-Core 3.2 GHz LGA 775 65W BX80571E5800 Desktop Processor,https://www.newegg.com/intel-pentium-e5800/p/N82E16819116385
Intel Pentium 4 530 Prescott Single-Core 3.0 GHz LGA 775 BX80547PG3000E Processor,https://www.newegg.com/intel-pentium-4-530/p/N82E16819116184
Intel Core i3-530 Clarkdale Dual-Core 2.93 GHz LGA 1156 73W BX80616I3530 Desktop Processor Intel HD Graphics,https://www.newegg.com/intel-core-i3-530/p/N82E16819115222
Intel Pentium G2020 Ivy Bridge Dual-Core 2.9 GHz LGA 1155 55W BX80637G2020 Desktop Processor Intel HD Graphics,https://www.newegg.com/intel-pentium-g2020/p/N82E16819116886
Intel Core 2 Duo E4300 Allendale Dual-Core 1.8 GHz LGA 775 65W BX80557E4300 Processor,https://www.newegg.com/intel-core-2-duo-e4300/p/N82E16819115013
Intel Celeron G440 Single-Core 1.6 GHz LGA 1155 BX80623G440 Desktop Processor Intel HD Graphics,https://www.newegg.com/intel-celeron-g440/p/N82E16819116410
Intel Core i3-540 Clarkdale Dual-Core 3.06 GHz LGA 1156 73W BX80616I3540 Desktop Processor Intel HD Graphics,https://www.newegg.com/intel-core-i3-540/p/N82E16819115221
Intel Core i3-3250 Ivy Bridge Dual-Core 3.5 GHz LGA 1155 55W BX80637I33250 Desktop Processor Intel HD Graphics 2500,https://www.newegg.com/intel-core-i3-3rd-gen-core-i3-3250/p/N82E16819116912
Intel Celeron G530 Sandy Bridge Dual-Core 2.4 GHz LGA 1155 65W BX80623G530 Desktop Processor Intel HD Graphics,https://www.newegg.com/intel-celeron-g530/p/N82E16819116409
Intel Core i7-990X Extreme Edition Gulftown 6-Core 3.46 GHz LGA 1366 130W AT80613005931AA Desktop Processor,https://www.newegg.com/intel-core-i7-extreme-edition-core-i7-990x-extreme-edition/p/N82E16819116922
Intel Core 2 Quad Q6600 Kentsfield Quad-Core 2.4 GHz LGA 775 95W HH80562PH0568M Processor,https://www.newegg.com/intel-core-2-quad-q6600/p/N82E16819115018
Intel Core 2 Extreme QX6700 Kentsfield Quad-Core 2.66 GHz LGA 775 130W BX80562QX6700 Processor,https://www.newegg.com/intel-core-2-extreme-qx6700/p/N82E16819115011
Intel Pentium G6950 Clarkdale Dual-Core 2.8 GHz LGA 1156 73W BX80616G6950 Desktop Processor Intel HD Graphics,https://www.newegg.com/intel-pentium-g6950/p/N82E16819116283
Intel Core2 Extreme QX9775 Quad-Core 3.2 GHz LGA 771 150W BX80574QX9775 Processor,https://www.newegg.com/intel-core-2-extreme-core2-extreme-qx9775/p/N82E16819115044
Intel Core i3-4330 Haswell Dual-Core 3.5 GHz LGA 1150 54W BX80646I34330 Desktop Processor Intel HD Graphics 4600,https://www.newegg.com/intel-core-i3-4th-gen-core-i3-4330/p/N82E16819116945
Intel Pentium G860 Sandy Bridge Dual-Core 3.0 GHz LGA 1155 65W BX80623G860 Desktop Processor Intel HD Graphics,https://www.newegg.com/intel-pentium-g860/p/N82E16819116405
Intel Celeron G1620 Ivy Bridge Dual-Core 2.7 GHz LGA 1155 55W BX80637G1620 Desktop Processor,https://www.newegg.com/intel-celeron-g1620/p/N82E16819116888
Intel Pentium G4400 Skylake Dual-Core 3.3 GHz LGA 1151 54W CM8066201927306 Desktop Processor Intel HD Graphics 510,https://www.newegg.com/intel-pentium-g4400/p/N82E16819117666
Intel Pentium 4 550 Prescott Single-Core 3.4 GHz LGA 775 JM80547PG0961M Processor,https://www.newegg.com/intel-pentium-4-550/p/N82E16819116209
Intel Core i5-670 Clarkdale Dual-Core 3.46 GHz LGA 1156 73W BX80616I5670 Desktop Processor Intel HD Graphics,https://www.newegg.com/intel-core-i5-670/p/N82E16819115218
Intel Celeron 440 Conroe-L Single-Core 2.0 GHz LGA 775 35W BX80557440 Processor,https://www.newegg.com/intel-celeron-440/p/N82E16819116038
Intel Pentium D 950 Presler Dual-Core 3.4 GHz LGA 775 BX80553950 Processor,https://www.newegg.com/intel-pentium-d-950/p/N82E16819116240
Intel Core i7-960 Bloomfield Quad-Core 3.2 GHz LGA 1366 130W AT80601002727AA Desktop Processor,https://www.newegg.com/intel-core-i7-960/p/N82E16819115216
Intel Core 2 Duo E4600 Allendale Dual-Core 2.4 GHz LGA 775 65W BX80557E4600 Processor,https://www.newegg.com/intel-core-2-duo-e4600/p/N82E16819115032
Intel Core 2 Duo E6320 Conroe Dual-Core 1.86 GHz LGA 775 65W BX80557E6320 Processor,https://www.newegg.com/intel-core-2-duo-e6320/p/N82E16819115015
Intel Core 2 Duo E4700 Dual-Core 2.6 GHz LGA 775 65W BX80557E4700 Processor,https://www.newegg.com/intel-core-2-duo-e4700/p/N82E16819115045
Intel Pentium D 920 Presler Dual-Core 2.8 GHz LGA 775 95W BX80553920 Processor,https://www.newegg.com/intel-pentium-d-920/p/N82E16819116237
Intel Core i5-661 Clarkdale Dual-Core 3.33 GHz LGA 1156 87W BX80616I5661 Desktop Processor Intel HD Graphics,https://www.newegg.com/intel-core-i5-661/p/N82E16819115217
Intel Core 2 Duo E6420 Conroe Dual-Core 2.13 GHz LGA 775 65W BX80557E6420 Processor,https://www.newegg.com/intel-core-2-duo-e6420/p/N82E16819115016
Intel Core i5-750S Lynnfield Quad-Core 2.4 GHz LGA 1156 82W BX80605I5750S Desktop Processor,https://www.newegg.com/intel-core-i5-750s/p/N82E16819115062
Intel Core 2 Duo E4500 Allendale Dual-Core 2.2 GHz LGA 775 65W BX80557E4500 Processor,https://www.newegg.com/intel-core-2-duo-e4500/p/N82E16819115031
Intel Xeon L5335 Quad-Core 2.0 GHz LGA 771 50W BX80563L5335P Processor,https://www.newegg.com/intel-xeon-l5335/p/N82E16819117157
Intel Core 2 Duo E6750 Conroe Dual-Core 2.66 GHz LGA 775 65W BX80557E6750 Processor,https://www.newegg.com/intel-core-2-duo-e6750/p/N82E16819115029
Intel Pentium E6600 Wolfdale Dual-Core 3.06 GHz LGA 775 65W BX80571E6600 Desktop Processor,https://www.newegg.com/intel-pentium-e6600/p/N82E16819116347
Intel Core 2 Duo E4400 Allendale Dual-Core 2.0 GHz LGA 775 65W BX80557E4400 Processor,https://www.newegg.com/intel-core-2-duo-e4400/p/N82E16819115014
Intel Intel Core i5-3470S Quad-Core LGA 1155 CM8063701094000 Desktop Processor,https://www.newegg.com/intel-core-i5-3470s/p/N82E16819117434
Intel Xeon 5140 Woodcrest Dual-Core 2.33 GHz LGA 771 HH80556KJ0534M Processor,https://www.newegg.com/intel-xeon-5140/p/N82E16819117098
Intel Pentium 4 506 Prescott Single-Core 2.66 GHz LGA 775 BX80547PE2667EN Processor,https://www.newegg.com/intel-pentium-4-506/p/N82E16819116224
Intel Pentium D 820 Smithfield Dual-Core 2.8 GHz LGA 775 95W BX80551PG2800FN Processor,https://www.newegg.com/intel-pentium-d-820/p/N82E16819116213
Intel Xeon 5060 Dempsey Dual-Core 3.2 GHz LGA 771 130W BX805555060A Active or 1U Processor,https://www.newegg.com/intel-xeon-5060/p/N82E16819117075
Intel Xeon 5050 Dempsey Dual-Core 3.0 GHz LGA 771 BX805555050A Active or 1U Processor,https://www.newegg.com/intel-xeon-5050/p/N82E16819117073
Intel Xeon X3220 Kentsfield Dual-Core 2.4 GHz LGA 775 HH80562QH0568M Processor,https://www.newegg.com/intel-xeon-x3220/p/N82E16819117128
Intel Xeon 5030 Dempsey 2.66GHz LGA 771 Dual-Core Active or 1U Processor Model BX805555030A,https://www.newegg.com/intel-xeon-5030/p/N82E16819117071
Intel Pentium G3260 Haswell Dual-Core 3.3 GHz LGA 1150 BX80646G3260 Desktop Processor,https://www.newegg.com/intel-pentium-g3260/p/N82E16819117545
Intel Xeon 5130 Woodcrest Dual-Core 2.0 GHz LGA 771 HH80556KJ0414M Processor,https://www.newegg.com/intel-xeon-5130/p/N82E16819117097
Intel Intel Core i5-3330S Quad-Core LGA 1155 CM8063701159804 Desktop Processor,https://www.newegg.com/intel-core-i5-3330s/p/N82E16819117438
Intel Core i7-4790S Haswell Quad-Core 3.2 GHz LGA 1150 65W CM8064601561014 Desktop Processor Intel HD Graphics 4600,https://www.newegg.com/intel-core-i7-4th-gen-core-i7-4790s/p/N82E16819117558
Intel Celeron G555 Sandy Bridge Dual-Core 2.7 GHz LGA 1155 BX80623G555 Desktop Processor,https://www.newegg.com/intel-celeron-g555/p/N82E16819116779
Intel Pentium E2140 Allendale Dual-Core 1.6 GHz LGA 775 65W BX80557E2140 Processor,https://www.newegg.com/intel-pentium-dual-core-pentium-e2140/p/N82E16819116037
Intel Pentium 4 660 Prescott Single-Core 3.6 GHz LGA 775 JM80547PG1042MM Processor,https://www.newegg.com/intel-pentium-4-660/p/N82E16819116024
Intel Pentium G2140 Ivy Bridge Dual-Core 3.3 GHz LGA 1155 55W BX80637G2140 Desktop Processor Intel HD Graphics,https://www.newegg.com/intel-pentium-dual-core-pentium-g2140/p/N82E16819116963
Intel Celeron D 336 Prescott Single-Core 2.8 GHz LGA 775 84W BX80547RE2800CN Processor,https://www.newegg.com/intel-celeron-d-336/p/N82E16819112205
Intel Core 2 Duo E6400 Conroe Dual-Core 2.13 GHz LGA 775 HH80557PH0462M Processor,https://www.newegg.com/intel-core-2-duo-e6400/p/N82E16819115009
Intel Pentium 4 631 Cedar Mill Single-Core 3.0 GHz LGA 775 HH80552PG0802M Processor,https://www.newegg.com/intel-pentium-4-631/p/N82E16819116002
Intel Pentium E2220 Allendale Dual-Core 2.4 GHz LGA 775 65W BX80557E2220 Processor,https://www.newegg.com/intel-pentium-e2220/p/N82E16819116070
Intel Celeron 430 Conroe-L Single-Core 1.8 GHz LGA 775 35W BX80557430 Processor,https://www.newegg.com/intel-celeron-430/p/N82E16819116039
Intel Pentium G2130 Ivy Bridge Dual-Core 3.2 GHz LGA 1155 55W BX80637G2130 Desktop Processor,https://www.newegg.com/intel-pentium-g2130/p/N82E16819116887
Intel Celeron G1610 Ivy Bridge Dual-Core 2.6 GHz LGA 1155 55W BX80637G1610 Desktop Processor,https://www.newegg.com/intel-celeron-g1610/p/N82E16819116889
INTEL Hh80556Kh0254M Xeon 5110 Dualcore 1.6Ghz 4Mb L2 Cache 1066Mhz Fsb Socketlga771 65Nm Processor Only,https://www.newegg.com/intel-xeon-5110/p/N82E16819117095
Intel Pentium G645 Sandy Bridge Dual-Core 2.9 GHz LGA 1155 BX80623G645 Desktop Processor,https://www.newegg.com/intel-pentium-g645/p/N82E16819116778
Intel Pentium G2120 Ivy Bridge Dual-Core 3.1 GHz LGA 1155 BX80637G2120 Desktop Processor,https://www.newegg.com/intel-pentium-g2120/p/N82E16819116777
Intel OEM Core i3-8350K Coffee Lake Quad-Core 4.0 GHz LGA 1151 (300 Series) 91W CM8068403376809 Desktop Processor Intel UHD Graphics 630,https://www.newegg.com/core-i3-8th-gen-intel-core-i3-8350k/p/274-000A-003A2
Intel Core i5-7400T 6MB Quad-core 2.40 GHz Processor,https://www.newegg.com/p/2HK-000X-00020
Intel Core 2 Duo E6300 Conroe Dual-Core 1.86 GHz LGA 775 HH80557PH0362M Processor,https://www.newegg.com/intel-core-2-duo-e6300/p/N82E16819115010
Intel Pentium Gold G5420 Coffee Lake Dual-Core   4-Thread   3.8 GHz LGA 1151 (300 Series) 54W BX80684G5420 Desktop Processor Intel UHD Graphics 610,https://www.newegg.com/intel-pentium-gold-g5420/p/N82E16819118076
Intel Pentium D 830 Smithfield Dual-Core 3.0 GHz LGA 775 HH80551PG0802MN Processor,https://www.newegg.com/intel-pentium-d-830/p/N82E16819116251
Intel Core 2 Duo E6320 Conroe Dual-Core 1.86 GHz LGA 775 HH80557PH0364M Processor,https://www.newegg.com/intel-core-2-duo-e6320/p/N82E16819115024
Intel Core i3-6100T Skylake Dual-Core 3.2 GHz LGA 1151 35W BX80662I36100T Desktop Processor Intel HD Graphics 530,https://www.newegg.com/intel-core-i3-6th-gen-core-i3-6100t/p/N82E16819117640
Intel Core i7-4771 Haswell Quad-Core 3.5GHz (3.9GHz Turbo) LGA 1150 84W BX80646I74771 Desktop Processor Intel HD Graphics 4600,https://www.newegg.com/intel-core-i7-4th-gen-core-i7-4771/p/N82E16819116941
Intel Pentium 4 570J Prescott Single-Core 3.8 GHz LGA 775 BX80547PG3800EJ Processor,https://www.newegg.com/intel-pentium-4-570j/p/N82E16819116190
Intel Core i5-4670K Haswell Quad-Core 3.4 GHz LGA 1150 84W BX80646I54670K Desktop Processor Intel HD Graphics,https://www.newegg.com/intel-core-i5-4th-gen-core-i5-4670k/p/N82E16819116899
Intel Core i5-4440 Haswell Quad-Core 3.1 GHz (3.3 GHz Turbo) LGA 1150 84W BX80646I54440 Desktop Processor Intel HD Graphics 4600,https://www.newegg.com/intel-core-i5-4th-gen-core-i5-4440/p/N82E16819116942
Intel Celeron G1820 Haswell Dual-Core 2.7 GHz LGA 1150 53W BX80646G1820 Desktop Processor Intel HD Graphics,https://www.newegg.com/intel-celeron-g1820/p/N82E16819116974
Intel Core i5-660 Clarkdale Dual-Core 3.33 GHz LGA 1156 73W BX80616I5660 Desktop Processor Intel HD Graphics,https://www.newegg.com/intel-core-i5-660/p/N82E16819115219
Intel Pentium G3258 Haswell Dual-Core 3.2 GHz LGA 1150 53W BX80646G3258 Desktop Processor Intel HD Graphics,https://www.newegg.com/intel-pentium-g3258/p/N82E16819117374
Intel Pentium G2030 Ivy Bridge Dual-Core 3.0 GHz LGA 1155 55W BX80637G2030 Desktop Processor Intel HD Graphics,https://www.newegg.com/intel-pentium-g2030/p/N82E16819116924
Intel Pentium G630 Sandy Bridge Dual-Core 2.7 GHz LGA 1155 65W BX80623G630 Desktop Processor Intel HD Graphics,https://www.newegg.com/intel-pentium-g630/p/N82E16819116406
Intel Core 2 Duo E8200 Wolfdale Dual-Core 2.66 GHz LGA 775 65W BX80570E8200 Processor,https://www.newegg.com/intel-core-2-duo-e8200/p/N82E16819115038
Intel Core i7-4770 Haswell Quad-Core 3.4 GHz LGA 1150 84W SR149 Desktop Processor Intel HD Graphics 4600,https://www.newegg.com/intel-core-i7-4th-gen-core-i7-4770/p/N82E16819117813
Intel Core i5-2400 Sandy Bridge Quad-Core 3.1 GHz (3.4 GHz Turbo Boost) LGA 1155 95W Desktop Processor Like New,https://www.newegg.com/intel-core-i5-2nd-gen-core-i5-2400/p/N82E16819117504
Intel Core 2 Duo E8400 Wolfdale Dual-Core 3.0 GHz LGA 775 65W BX80570E8400 Processor,https://www.newegg.com/intel-core-2-duo-e8400/p/N82E16819117588
Intel Core i3-3220 Ivy Bridge Dual-Core 3.3 GHz LGA 1155 55W SR0RG Desktop Processor Intel HD Graphics 2500,https://www.newegg.com/intel-core-i3-3rd-gen-core-i3-3220/p/N82E16819117808
Intel Core i7-4765T Haswell Quad-Core 2.0 GHz LGA 1150 35W SR14Q Desktop Processor Intel HD Graphics 4600,https://www.newegg.com/intel-core-i7-4th-gen-core-i7-4765t/p/N82E16819117803
Intel Core 2 Duo E4500 Allendale Dual-Core 2.2 GHz LGA 775 65W E4500 (SLA95) Desktop Processor,https://www.newegg.com/intel-core-2-duo-e4500/p/N82E16819116423
Intel Core i5-2400S Sandy Bridge Quad-Core 2.5GHz (3.3GHz Turbo Boost) LGA 1155 65W SR00S Desktop Processor Intel HD Graphics 2000,https://www.newegg.com/intel-core-i5-2nd-gen-core-i5-2400s/p/N82E16819116748
Intel Wolfdale Dual-Core 2.93 GHz LGA 775 65W Desktop ProcessorAT80571PH0773M never used. Replacement only.,https://www.newegg.com/p/N82E16819117493
INTEL Bx80637I73770  Core I73770 Quadcore 3.4Ghz 1Mb L2 Cache 8Mb L3 Cache 5Gt S Dmi Speed Socket Lga1155 77W 22Nm Desktop Processor Only,https://www.newegg.com/intel-core-i7-3rd-gen-core-i7-3770/p/1A0-00FB-001W5
Intel Pentium D 820 Smithfield Dual-Core 2.8 GHz LGA 775 95W HH80551PG0722MN Processor,https://www.newegg.com/intel-pentium-d-820/p/N82E16819117469
Intel Core 2 Quad Q6600 Kentsfield Quad-Core 2.4 GHz LGA 775 100W Q6600 (SLACR) Desktop Processor,https://www.newegg.com/intel-core-2-quad-q6600/p/N82E16819116429
Intel Core 2 Duo E6700 Conroe Dual-Core 2.66 GHz LGA 775 65W SL9ZF Desktop Processor,https://www.newegg.com/intel-core-2-duo-e6700/p/N82E16819116696
Intel Pentium E5800 Dual-Core 3.2 GHz LGA 775 65W AT80571PG0882ML Desktop Processor,https://www.newegg.com/intel-pentium-e5800/p/N82E16819117398
Intel Pentium E6700 Wolfdale Dual-Core 3.2 GHz LGA 775 65W E6700 (SLGUF) Desktop Processor,https://www.newegg.com/intel-pentium-e6700/p/N82E16819116452
Intel Core i3-2120 Sandy Bridge Dual-Core 3.3 GHz LGA 1155 65W SR05Y Desktop Processor Intel HD Graphics 2000,https://www.newegg.com/intel-core-i3-2nd-gen-core-i3-2120/p/N82E16819116757
Intel Core 2 Duo E6300 Conroe Dual-Core 1.86 GHz LGA 775 65W SL9SA Desktop Processor,https://www.newegg.com/intel-core-2-duo-e6300/p/N82E16819116690
Intel Core2 Duo E7500 Wolfdale Dual-Core 2.93 GHz LGA 775 65W BX80571E7500 Processor,https://www.newegg.com/intel-core-2-duo-core2-duo-e7500/p/N82E16819116903
Intel Core i3-540 Clarkdale Dual-Core 3.06 GHz LGA 1156 73W I3 540 (SLBTD) Desktop Processor Intel HD Graphics,https://www.newegg.com/intel-core-i3-540/p/N82E16819116455
Intel Core 2 Duo E6850 Conroe Dual-Core 3.0 GHz LGA 775 65W SLA9U Desktop Processor,https://www.newegg.com/intel-core-2-duo-e6850/p/N82E16819116765
INTEL Sla5E Core 2 Duo E6300 Dualcore 1.86Ghz 2Mb L2 Cache 1066Mhz Fsb Socket Lga775 65Nm Processor Only,https://www.newegg.com/intel-core-2-duo-e6300/p/N82E16819116691
Intel Core i9-7900X Skylake-X 10-Core 3.3 GHz LGA 2066 140W BX80673I97900X Desktop Processor,https://www.newegg.com/intel-core-i9-x-series-core-i9-7900x/p/274-000A-01K68
Intel Core i5-3470 Ivy Bridge Quad-Core 3.2 GHz LGA 1155 77W BX80637i53470 Desktop Processor Intel HD Graphics 2500,https://www.newegg.com/intel-core-i5-3rd-gen-core-i5-3470/p/274-000A-01KC8
Intel Core i5-2400 Sandy Bridge Quad-Core 3.1GHz (3.4GHz Turbo Boost) LGA 1155 95W BX80623I52400 Desktop Processor Intel HD Graphics 2000,https://www.newegg.com/intel-core-i5-2nd-gen-core-i5-2400/p/N82E16819117590
Intel Pentium G2140 Ivy Bridge Dual-Core 3.3 GHz LGA 1155 55W Desktop Processor Intel HD Graphics,https://www.newegg.com/intel-pentium-dual-core-pentium-g2140/p/N82E16819117677
Intel Core i7-4790 Haswell Quad-Core 3.6 GHz LGA 1150 84W BX80646I74790 Desktop Processor Intel HD Graphics 4600,https://www.newegg.com/intel-core-i7-4th-gen-core-i7-4790/p/274-000A-01K66
Intel Core 2 Duo E6550 Conroe Dual-Core 2.33 GHz LGA 775 65W SLA9X Desktop Processor,https://www.newegg.com/intel-core-2-duo-e6550/p/N82E16819116694
Intel Core 2 Duo E7200 Wolfdale-3M Dual-Core 2.53 GHz LGA 775 65W SLAPC Desktop Processor,https://www.newegg.com/intel-core-2-duo-e7200/p/N82E16819117472
Intel Core i9-7900X Skylake 10-Core 3.3 GHz LGA 2066 140W BX80673I97900X Desktop Processor,https://www.newegg.com/intel-core-i9-7900x-core-i9-x-series/p/N82E16819118118
Intel Core 2 Duo E6400 Conroe Dual-Core 2.13 GHz LGA 775 65W SL9T9 Desktop Processor,https://www.newegg.com/intel-core-2-duo-e6400/p/N82E16819116693
Intel Core i7-2600 Sandy Bridge Quad-Core 3.4GHz (3.8GHz Turbo Boost) LGA 1155 95W SR00B Desktop Processor Intel HD Graphics 2000,https://www.newegg.com/intel-core-i7-2nd-gen-core-i7-2600/p/N82E16819116746
Intel Core i7-920 Bloomfield Quad-Core 2.66GHz (2.93GHz Turbo Boost) LGA 1366 130W SLBCH Desktop Processor,https://www.newegg.com/intel-core-i7-920/p/N82E16819116723
Intel E8500 Wolfdale Dual-Core 3.167 GHz LGA 775 65W AT80570PJ0876M Desktop Processor,https://www.newegg.com/intel-core-2-duo-e8500/p/N82E16819117320
Intel Core2 Quad Q9400 Quad-Core 2.66 GHz LGA 775 95W Q9400 (SLB6B) Desktop Processor,https://www.newegg.com/intel-core-2-quad-core2-quad-q9400/p/N82E16819116432
Intel Core i5-650 Clarkdale Dual-Core 3.2 GHz LGA 1156 73W I5 650 (SLBLK) Desktop Processor Intel HD Graphics,https://www.newegg.com/intel-core-i5-650/p/N82E16819116456
Intel Celeron 420 Conroe-L Single-Core 1.6 GHz LGA 775 HH80557RG025512 Desktop Processor,https://www.newegg.com/intel-celeron-420/p/N82E16819116792
Intel Core 2 Duo E6750 Conroe Dual-Core 2.66 GHz LGA 775 65W SLA9V Desktop Processor,https://www.newegg.com/intel-core-2-duo-e6750/p/N82E16819116697
Intel Pentium 4 631 Cedar Mill Single-Core 3.0 GHz LGA 775 SL9KG Desktop Processor,https://www.newegg.com/intel-pentium-4-631/p/N82E16819116766
Intel Pentium E2180 Conroe Dual-Core 2.0 GHz LGA 775 65W SLA8Y Desktop Processor,https://www.newegg.com/intel-pentium-dual-core-pentium-e2180/p/N82E16819116687
Intel Pentium 4 521 Prescott 2.8GHz LGA 775 84W EM64T Processor HH80547PG0721MM Like New,https://www.newegg.com/intel-pentium-4-521/p/N82E16819117494
Intel Celeron D 336 Prescott Single-Core 2.8 GHz LGA 775 SL7TW Desktop Processor,https://www.newegg.com/intel-celeron-d-336/p/N82E16819116795
Intel Pentium D 915 Presler Dual-Core 2.8 GHz LGA 775 95W PD915-R Desktop Processor,https://www.newegg.com/intel-pentium-d-915/p/N82E16819116499
Intel Core 2 Quad Q9450 2.66 GHz LGA 775 SLAWR Desktop Processor,https://www.newegg.com/intel-core-2-quad-q9450/p/N82E16819116719
Intel Celeron E3400 Wolfdale Dual-Core 2.6 GHz LGA 775 65W SLGTZ Desktop Processor,https://www.newegg.com/intel-celeron-dual-core-celeron-e3400/p/N82E16819116743
Intel Core 2 Duo E4400 Allendale Dual-Core 2.0 GHz LGA 775 65W HH80557PG0412M Processor,https://www.newegg.com/intel-core-2-duo-e4400/p/N82E16819117487
Intel Pentium 4 519J Prescott Single-Core 3.06 GHz LGA 775 84W P4 519J (SL87L) Desktop Processor,https://www.newegg.com/intel-pentium-4-519j/p/N82E16819116437
Intel Pentium 4 516 Prescott Single-Core 2.93 GHz LGA 775 84W SL8J9 Desktop Processor,https://www.newegg.com/intel-pentium-4-516/p/N82E16819116701
Intel Celeron D 356 Cedar Mill Single-Core 3.33 GHz LGA 775 86W SL96N Desktop Processor,https://www.newegg.com/intel-celeron-d-356/p/N82E16819116703
Intel Core i3-7350K Kaby Lake Dual-Core 4.2 GHz LGA 1151 60W BX80677I37350K Desktop Processor Intel HD Graphics 630,https://www.newegg.com/intel-core-i3-7350k-core-i3-7th-gen/p/N82E16819118119
INTEL Slgtg Pentium Dualcore E5800 3.2Ghz 2Mb L2 Cache 800Mhz Fsb Lga775 Socket 45Nm 65W Desktop Processor Only,https://www.newegg.com/intel-pentium-e5800/p/N82E16819116741
Intel Core 2 Quad Q6600 Kentsfield Quad-Core 2.4 GHz LGA 775 95W Q6600 (SL9UM) Desktop Processor,https://www.newegg.com/intel-core-2-quad-q6600/p/N82E16819116428
Intel Core 2 Duo E6400 Conroe Dual-Core 2.13 GHz LGA 775 65W SL9S9 Desktop Processor,https://www.newegg.com/intel-core-2-duo-e6400/p/N82E16819116713
Intel Pentium E5700 Wolfdale Dual-Core 3.0 GHz LGA 775 65W SLGTH Desktop Processor,https://www.newegg.com/intel-pentium-e5700/p/N82E16819116742
INTEL Sl7Z9 Pentium 4 3.0Ghz 2Mb L2 Cache 800Mhz Fsb Socketlga775 Processor Only,https://www.newegg.com/intel-pentium-4-630/p/N82E16819116680
Intel Pentium E2140 Conroe Dual-Core 1.6 GHz LGA 775 65W SLA3J Desktop Processor,https://www.newegg.com/intel-pentium-dual-core-pentium-e2140/p/N82E16819116686
Intel Pentium D 920 Presler Dual-Core 2.8 GHz LGA 775 SL94S Desktop Processor,https://www.newegg.com/intel-pentium-d-920/p/N82E16819116817
Intel Pentium 4 651 Cedar Mill Single-Core 3.4 GHz LGA 775 65W P4651-R Desktop Processor,https://www.newegg.com/intel-pentium-4-651/p/N82E16819116418
Intel Pentium E5200 Wolfdale Dual-Core 2.5 GHz LGA 775 65W E5200 (SLB9T) Desktop Processor,https://www.newegg.com/intel-pentium-dual-core-pentium-e5200/p/N82E16819116445
Intel Core 2 Duo E6320 Conroe Dual-Core 1.86 GHz LGA 775 SLA4U Desktop Processor,https://www.newegg.com/intel-core-2-duo-e6320/p/N82E16819116790
Intel Pentium 4 530J Prescott Single-Core 3.0 GHz LGA 775 P4 530J (SL7PU) Desktop Processor,https://www.newegg.com/intel-pentium-4-530j/p/N82E16819116436
Intel Core 2 Duo E7400 Wolfdale Dual-Core 2.8 GHz LGA 775 65W SLB9Y Desktop Processor,https://www.newegg.com/intel-core-2-duo-e7400/p/N82E16819116722
Intel Pentium E5200 Wolfdale Dual-Core 2.5 GHz LGA 775 65W E5200 (SLAY7) Desktop Processor,https://www.newegg.com/intel-pentium-dual-core-pentium-e5200/p/N82E16819116444
Intel Pentium E5500 Wolfdale Dual-Core 2.8 GHz LGA 775 65W E5500 (SLGTJ) Desktop Processor,https://www.newegg.com/intel-pentium-e5500/p/N82E16819116449
Intel Pentium D 950 Presler Dual-Core 3.4 GHz LGA 775 SL95V Desktop Processor,https://www.newegg.com/intel-pentium-d-950/p/N82E16819116788
Intel Pentium D 945 Presler Dual-Core 3.4 GHz LGA 775 95W SL9QB Desktop Processor,https://www.newegg.com/intel-pentium-d-945/p/N82E16819116772
INTEL Slbtj  Core I5650 3.2Ghz 4Mb Smart Cache 2.5Gt S Dmi Speed 32Nm 73W Socket Fclga1156 Desktop Processor Only,https://www.newegg.com/intel-core-i5-650/p/N82E16819116732
Intel Core 2 Duo E4500 Allendale Dual-Core 2.2 GHz LGA 775 65W HH80557PG0492M Processor,https://www.newegg.com/intel-core-2-duo-e4500/p/N82E16819117488
INTEL Sl94R  Pentium D 930 3.0Ghz 4Mb L2 Cache 800Mhz Fsb Lga775 Socket 65Nm 95W Processor Only,https://www.newegg.com/intel-pentium-d-930/p/N82E16819116702
Intel Pentium E2160 Allendale Dual-Core 1.8 GHz LGA 775 65W SLA8Z Desktop Processor,https://www.newegg.com/intel-pentium-dual-core-pentium-e2160/p/N82E16819116710
Intel Pentium G850 Sandy Bridge Dual-Core 2.9 GHz LGA 1155 65W SR05Q Desktop Processor,https://www.newegg.com/intel-pentium-g850/p/N82E16819116753
Intel Pentium E5300 Wolfdale Dual-Core 2.6 GHz LGA 775 65W E5300 (SLB9U) Desktop Processor,https://www.newegg.com/intel-pentium-dual-core-pentium-e5300/p/N82E16819116447
Intel Pentium 4 641 Cedar Mill Single-Core 3.2 GHz LGA 775 P4 641 (SL9KF) Desktop Processor,https://www.newegg.com/intel-pentium-4-641/p/N82E16819116434
Intel Pentium D 940 Presler Dual-Core 3.2 GHz LGA 775 SL94Q Desktop Processor,https://www.newegg.com/intel-pentium-d-940/p/N82E16819116787
Intel Core 2 Duo E4600 Allendale Dual-Core 2.4 GHz LGA 775 65W HH80557PG0562M Processor,https://www.newegg.com/intel-core-2-duo-e4600/p/N82E16819117489
Intel Pentium 4 640 Prescott Single-Core 3.2 GHz LGA 775 84W P4 640 (SL7Z8) Desktop Processor,https://www.newegg.com/intel-pentium-4-640/p/N82E16819116435
Intel Core 2 Duo E4400 Allendale Dual-Core 2.0 GHz LGA 775 65W E4400 (SLA3F) Desktop Processor,https://www.newegg.com/intel-core-2-duo-e4400/p/N82E16819116420
Intel Pentium E6300 Wolfdale Dual-Core 2.8 GHz LGA 775 65W E6300 (SLGU9) Desktop Processor,https://www.newegg.com/intel-pentium-e6300/p/N82E16819116451
Intel Core 2 Duo E4300 Allendale Dual-Core 1.8 GHz LGA 775 65W E4300 (E4300) Desktop Processor,https://www.newegg.com/intel-core-2-duo-e4300/p/N82E16819116422
Intel Pentium E2140 Conroe Dual-Core 1.6 GHz LGA 775 65W E2140 (SLA93) Desktop Processor,https://www.newegg.com/intel-dual-core-pentium-e2140/p/N82E16819116441
Intel Core 2 Duo E4300 Allendale Dual-Core 1.8 GHz LGA 775 65W E4300 (E4300) Desktop Processor,https://www.newegg.com/intel-core-2-duo-e4300/p/N82E16819116422
Intel Pentium Dual-Core E5400 Wolfdale Dual-Core 2.7 GHz LGA 775 65W E5400 (SLGTK) Desktop Processor,https://www.newegg.com/intel-pentium-dual-core-e5400/p/N82E16819116448
Intel Core 2 Duo E4400 Allendale Dual-Core 2.0 GHz LGA 775 65W E4400 (SLA98) Desktop Processor,https://www.newegg.com/intel-core-2-duo-e4400/p/N82E16819116421
Intel Pentium D 925 Dual-Core 3.0 GHz LGA 775 95W PD 925 (SL9KA) Desktop Processor,https://www.newegg.com/intel-pentium-d-925/p/N82E16819116440
Intel Pentium D 820 Smithfield Dual-Core 2.8 GHz LGA 775 95W PD 820 (SL88T) Desktop Processor,https://www.newegg.com/intel-pentium-d-820/p/N82E16819116438
Intel Pentium E5300 Wolfdale Dual-Core 2.6 GHz LGA 775 65W E5300 (SLGTL) Desktop Processor,https://www.newegg.com/intel-pentium-dual-core-pentium-e5300/p/N82E16819116446
Intel Pentium E2200 Conroe Dual-Core 2.2 GHz LGA 775 65W E2200 (SLA8X) Desktop Processor,https://www.newegg.com/intel-dual-core-pentium-e2200/p/N82E16819116442
Intel Core i3-530 Clarkdale Dual-Core 2.93 GHz LGA 1156 73W I3 530 (SLBLR) Desktop Processor Intel HD Graphics,https://www.newegg.com/intel-core-i3-530/p/N82E16819116453
Intel Core 2 Duo E4600 Allendale Dual-Core 2.4 GHz LGA 775 65W E4600 (SLA94) Desktop Processor,https://www.newegg.com/intel-core-2-duo-e4600/p/N82E16819116424
Intel Pentium E6500 Wolfdale Dual-Core 2.93 GHz LGA 775 65W E6500 (SLGUH) Desktop Processor,https://www.newegg.com/intel-pentium-e6500/p/N82E16819116450
Intel Pentium E6300 Wolfdale Dual-Core 2.8 GHz LGA 775 65W E6300 (SLGU9) Desktop Processor,https://www.newegg.com/intel-pentium-e6300/p/N82E16819116451
Intel Pentium D 820 Smithfield Dual-Core 2.8 GHz LGA 775 PD 820 (SL8CP) Desktop Processor,https://www.newegg.com/intel-pentium-d-820/p/N82E16819116439
Intel Celeron 420 Conroe-L Single-Core 1.6 GHz LGA 775 35W SL9XP Desktop Processor,https://www.newegg.com/intel-celeron-420/p/N82E16819116707
Intel Pentium D 915 Presler Dual-Core 2.8 GHz LGA 775 95W SL9KB Desktop Processor,https://www.newegg.com/intel-pentium-d-915/p/N82E16819116688
Intel Core 2 Duo E6600 Conroe Dual-Core 2.4 GHz LGA 775 SL9S8 Desktop Processor,https://www.newegg.com/intel-core-2-duo-e6600/p/N82E16819116791
Intel Core 2 Duo E8200 Wolfdale Dual-Core 2.66 GHz LGA 775 65W SLAPP Desktop Processor,https://www.newegg.com/intel-core-2-duo-e8200/p/N82E16819116716
Intel Core i3-2100 Sandy Bridge Dual-Core 3.1 GHz LGA 1155 65W SR05C Desktop Processor Intel HD Graphics 2000,https://www.newegg.com/intel-core-i3-2nd-gen-core-i3-2100/p/N82E16819116749
INTEL Sr05R  Pentium G620 Dualcore 2.6Ghz 512Kb L2 Cache 3Mb L3 Cache 5Gt S Dmi Socketlga1155 32Nm 65W Processor Only,https://www.newegg.com/intel-pentium-g620/p/N82E16819116754
Intel Core 2 Duo E6420 Conroe Dual-Core 2.13 GHz LGA 775 65W SLA4T Desktop Processor,https://www.newegg.com/intel-core-2-duo-e6420/p/N82E16819116709
Intel Celeron 450 Conroe-L Single-Core 2.2 GHz LGA 775 35W SLAFZ Desktop Processor,https://www.newegg.com/intel-celeron-450/p/N82E16819116714
Intel Pentium D 805 Smithfield Dual-Core 2.66 GHz LGA 775 95W SL8ZH Desktop Processor,https://www.newegg.com/intel-pentium-d-805/p/N82E16819116770
Intel Core 2 Duo E6600 Conroe Dual-Core 2.4 GHz LGA 775 65W SL9ZL Desktop Processor,https://www.newegg.com/intel-core-2-duo-e6600/p/N82E16819116695
Intel Pentium D 915 Presler Dual-Core 2.8 GHz LGA 775 95W SL9DA Desktop Processor,https://www.newegg.com/intel-pentium-d-915/p/N82E16819116689
Intel Pentium Dual-Core E5400 Wolfdale Dual-Core 2.7 GHz LGA 775 65W SLB9V Desktop Processor,https://www.newegg.com/intel-pentium-dual-core-e5400/p/N82E16819116721
Intel Celeron 440 Conroe-L Single-Core 2.0 GHz LGA 775 SL9XL Desktop Processor,https://www.newegg.com/intel-celeron-440/p/N82E16819116794
Intel Celeron 430 Conroe-L Single-Core 1.8 GHz LGA 775 SL9XN Desktop Processor,https://www.newegg.com/intel-celeron-430/p/N82E16819116793
Intel Pentium 4 524 Prescott Single-Core 3.06 GHz LGA 775 84W SL9CA Desktop Processor,https://www.newegg.com/intel-pentium-4-524/p/N82E16819116769
INTEL Sl7Pr  Pentium 4 520J 2.8Ghz 1Mb L2 Cache 800Mhz Fsb Socket775 Processor Only,https://www.newegg.com/intel-pentium-4-520j/p/N82E16819116678
INTEL Sla5D  Core 2 Duo E6400 Dualcore 2.13Ghz 2Mb L2 Cache 1066Mhz Fsb Socket Lga775 65Nm Processor Only,https://www.newegg.com/intel-core-2-duo-e6400/p/N82E16819116692
INTEL Slgu4 Celeron E3300 2.5Ghz 1Mb L2 Cache 800Mhz Fsb Socket Lga775 45Nm 65W Desktop Processor Only,https://www.newegg.com/intel-celeron-dual-core-celeron-e3300/p/N82E16819116744
INTEL Sl8Hx  Pentium 4 2.8Ghz 1Mb L2 Cache 800Mhz Fsb 775Pin Lga Socket Processor Only,https://www.newegg.com/intel-pentium-4-521/p/N82E16819116679
Intel Core 2 Duo E6550 Conroe Dual-Core 2.33 GHz LGA 775 65W HH80557PJ0534MG Processor,https://www.newegg.com/intel-core-2-duo-e6550/p/N82E16819117507
INTEL Sl7J5  Pentium4 2.8Ghz 1Mb L2 Cache 800Mhz Fsb Lga775 Socket Processor Only,https://www.newegg.com/amd-pentium-4-520/p/N82E16819116699
Intel Core 2 Duo E8400 Dual-Core 3.0 GHz LGA 775 65W AT80570PJ0806M Desktop Processor,https://www.newegg.com/intel-core-2-duo-e8400/p/N82E16819117395
INTEL Sl9D9  Pentium D 925 3.0Ghz 4Mb L2 Cache 800Mhz Fsb Lga775 Socket 65Nm 95W Processor Only,https://www.newegg.com/intel-pentium-d-925/p/N82E16819116490
Intel Pentium 4 550 Prescott Single-Core 3.4 GHz LGA 775 115W SL7PY Desktop Processor,https://www.newegg.com/intel-pentium-4-550/p/N82E16819116684
Intel Pentium 4 531 Prescott Single-Core 3.0 GHz LGA 775 84W SL8HZ Desktop Processor,https://www.newegg.com/intel-pentium-4-531/p/N82E16819116700
Intel Pentium 4 550 Prescott Single-Core 3.4 GHz LGA 775 115W SL7PY Desktop Processor,https://www.newegg.com/intel-pentium-4-550/p/N82E16819116684
INTEL Sl7J5  Pentium4 2.8Ghz 1Mb L2 Cache 800Mhz Fsb Lga775 Socket Processor Only,https://www.newegg.com/amd-pentium-4-520/p/N82E16819116699
Intel Core 2 Duo E8400 Dual-Core 3.0 GHz LGA 775 65W AT80570PJ0806M Desktop Processor,https://www.newegg.com/intel-core-2-duo-e8400/p/N82E16819117395
INTEL Sl7J8 Pentium 4 550 3.4Ghz 1 Mb L2 Cache 800Mhz Socketlga775 90Nm 115W Processor Only,https://www.newegg.com/intel-pentium-4-550/p/N82E16819116685
Intel Core 2 Duo E6600 Conroe 2.4GHz LGA 775 65W Processor BX80557E6600 Like New,https://www.newegg.com/intel-core-2-duo-pentium-e6600/p/N82E16819117495
Intel Pentium E2140 Dual-Core 1.6 GHz LGA 775 65W HH80557PG0251M Desktop Processor,https://www.newegg.com/intel-pentium-e2140/p/N82E16819117392
Intel Pentium 4 540J Prescott Single-Core 3.2 GHz LGA 775 SL7PW Desktop Processor,https://www.newegg.com/intel-pentium-4-540j/p/N82E16819116683
INTEL Sl7Z7  Pentium4 650 3.4Ghz 2Mb L2 Cache 800Mhz Fsb Socket775 90Nm Hyperthreading Processor Only,https://www.newegg.com/intel-pentium-4-650/p/N82E16819116819
Intel Core i7-9800X Skylake X 8-Core 3.8 GHz (4.4 GHz Turbo) LGA 2066 165W BX80673I79800X Desktop Processor,https://www.newegg.com/core-i7-x-series-intel-core-i7-9800x/p/N82E16819117961
Intel Core i7-9700K  Coffee Lake 8-Core 3.6 GHz LGA 1151 (300 Series) 95W CM8068403874212 Desktop Processor Intel HD Graphics 630,https://www.newegg.com/core-i7-9th-gen-intel-core-i7-9700k/p/N82E16819117991
Intel Pentium E2160 Allendale Dual-Core 1.8 GHz LGA 775 65W BX80557E2160 Processor,https://www.newegg.com/intel-dual-core-pentium-e2160/p/N82E16819116036
Intel Intel Core i9-9900X Skylake X 10-Core 3.5 GHz LGA 2066 165W CD8067304126200 Desktop Processor,https://www.newegg.com/core-i9-x-series-intel-core-i9-9900x/p/N82E16819117975
Intel Intel Core i9-9820X 10-Core 3.3 GHz LGA 2066 165W CD8067304126901 Desktop Processor,https://www.newegg.com/core-i9-x-series-intel-core-i9-9820x/p/N82E16819117974
Intel Core i5-7500T Kaby Lake Quad-Core 2.7 GHz LGA 1151 35W CM8067702868115 Desktop Processor,https://www.newegg.com/core-i5-7th-gen-intel-core-i5-7500t/p/N82E16819117758
Intel Core i3-6320 Skylake Dual-Core 3.9 GHz LGA 1151 51W BX80662I36320 Desktop Processor Intel HD Graphics 530,https://www.newegg.com/intel-core-i3-6th-gen-core-i3-6320/p/N82E16819117621
